warning: Git tree '/Users/akhilindurti/Projects/kaya' is dirty
host load at launch: 5.3 4.9 5.0 (1, 5, 15 min); HIDIdleTime 852s; top consumers: qemu-system-aarch64-headless 58%, Code Helper 6%, WindowServer 6%, spotlightknowledged.updater 6%
exclusive: the token lives at /Users/akhilindurti/.local/state/kaya/exclusive
exclusive: selftest broke a lock 301s old held by lane=ghost leg=x pid=1 scope=host host=h start=0 — an exclusive leg's own ceiling is far shorter, so its lane is gone
exclusive: selftest waits to admit z — lane=other leg=y pid=1 scope=host host=h start=0 holds
exclusive: selftest waited 0s to admit z; lane=other leg=y pid=1 scope=host host=h start=0 still holds — proceeding without exclusion
exclusive: selftest waited 0.5s to admit z
exclusive: selftest holds for w
exclusive: selftest released after w (0.0s held)
exclusive: self-test 8 watched, 0 failed
build: market data (python3 tools/gen-market.py --ensure)
current (stamp matches)
build: libkaya (cargo build --locked --lib)
    Finished `dev` profile [unoptimized + debuginfo] target(s) in 0.08s
build: libkaya id (tools/build-id.py --verify target/debug/libkaya.dylib)
build: SwiftUI interpreter (tools/swiftui/build-dylib.sh)
    Finished `dev` profile [unoptimized + debuginfo] target(s) in 0.05s
built target/swiftui/libkaya_swiftui.dylib (already carries this tree's id)
mac: PASS (623s, 517 legs)
mac: phases core-build+gates 40, guest-builds+bench 8, legs 574
== mac log kept at /Users/akhilindurti/Projects/kaya/target/validate-lanes/mac.log ==
mac: 188s of that waiting for the exclusive token; 435s net against the 1100s ceiling
== linux (log) ==
current (stamp matches)
TIMING image-build 2s
    Updating crates.io index
 Downloading crates ...
  Downloaded async-process v2.5.0
  Downloaded async-task v4.7.1
  Downloaded cesu8 v1.1.0
  Downloaded atomic-waker v1.1.2
  Downloaded async-recursion v1.1.1
  Downloaded digest v0.11.3
  Downloaded async-channel v2.5.0
  Downloaded async-signal v0.2.14
  Downloaded atspi v0.30.0
  Downloaded async-lock v3.4.2
  Downloaded cfg-if v1.0.4
  Downloaded futures-macro v0.3.32
  Downloaded cfg_aliases v0.2.2
  Downloaded event-listener-strategy v0.5.4
  Downloaded equivalent v1.0.2
  Downloaded endi v1.1.1
  Downloaded jni-sys-macros v0.4.1
  Downloaded unic-langid v0.9.6
  Downloaded cairo-sys-rs v0.22.0
  Downloaded enumflags2_derive v0.7.12
  Downloaded futures-io v0.3.32
  Downloaded gdk4-wayland-sys v0.11.0
  Downloaded async-trait v0.1.91
  Downloaded async-executor v1.14.0
  Downloaded glifo v0.3.0
  Downloaded block-buffer v0.12.1
  Downloaded cpufeatures v0.3.1
  Downloaded fallible-streaming-iterator v0.1.9
  Downloaded futures-task v0.3.32
  Downloaded graphene-sys v0.22.8
  Downloaded gdk4-x11 v0.11.4
  Downloaded errno v0.3.14
  Downloaded gdk4-x11-sys v0.11.0
  Downloaded field-offset v0.3.6
  Downloaded futures-core v0.3.32
  Downloaded zbus-lockstep-macros v0.5.2
  Downloaded zerofrom v0.1.8
  Downloaded atspi-proxies v0.14.0
  Downloaded concurrent-queue v2.5.0
  Downloaded find-msvc-tools v0.1.12
  Downloaded gdk-pixbuf-sys v0.22.0
  Downloaded gsk4-sys v0.11.4
  Downloaded fluent-syntax v0.12.0
  Downloaded foldhash v0.2.0
  Downloaded atspi-connection v0.14.0
  Downloaded displaydoc v0.2.7
  Downloaded blocking v1.6.2
  Downloaded futures-executor v0.3.32
  Downloaded jni-sys v0.3.1
  Downloaded fluent-langneg v0.13.1
  Downloaded async-io v2.6.0
  Downloaded crossbeam-deque v0.8.8
  Downloaded gdk-pixbuf v0.22.0
  Downloaded arrayvec v0.7.8
  Downloaded zbus-lockstep v0.5.2
  Downloaded crypto-common v0.2.2
  Downloaded fastrand v2.5.0
  Downloaded gdk4-wayland v0.11.4
  Downloaded fallible-iterator v0.3.0
  Downloaded async-broadcast v0.7.2
  Downloaded graphene-rs v0.22.8
  Downloaded leb128 v0.2.7
  Downloaded linebender_resource_handle v0.1.1
  Downloaded memoffset v0.9.1
  Downloaded gtk4-macros v0.11.4
  Downloaded guillotiere v0.7.0
  Downloaded futures-channel v0.3.32
  Downloaded cfg-expr v0.20.8
  Downloaded gobject-sys v0.22.6
  Downloaded futures-lite v2.6.1
  Downloaded gsk4 v0.11.4
  Downloaded autocfg v1.5.1
  Downloaded font-types v0.12.4
  Downloaded chacha20 v0.10.2
  Downloaded ordered-channel v1.2.0
  Downloaded zbus_names v4.3.4
  Downloaded intl_pluralrules v7.0.2
  Downloaded zvariant_utils v3.5.0
  Downloaded zvariant_derive v5.13.1
  Downloaded crossbeam-epoch v0.9.21
  Downloaded event-listener v5.4.1
  Downloaded bytemuck_derive v1.12.0
  Downloaded enumflags2 v0.7.12
  Downloaded fluent-bundle v0.16.0
  Downloaded either v1.18.0
  Downloaded cairo-rs v0.22.0
  Downloaded jni-sys v0.4.1
  Downloaded bytemuck v1.25.2
  Downloaded crossbeam-utils v0.8.22
  Downloaded getrandom v0.4.3
  Downloaded bitflags v2.13.0
  Downloaded color v0.3.3
  Downloaded glib-sys v0.22.8
  Downloaded zbus_macros v5.18.0
  Downloaded bytes v1.12.1
  Downloaded parking v2.2.1
  Downloaded const-oid v0.10.2
  Downloaded gio-sys v0.22.8
  Downloaded zbus_xml v5.2.1
  Downloaded glib-macros v0.22.6
  Downloaded x11-dl v2.21.0
  Downloaded flate2 v1.1.10
  Downloaded borsh v1.8.1
  Downloaded zvariant v5.13.1
  Downloaded cc v1.4.5
  Downloaded serde_repr v0.1.21
  Downloaded type-map v0.5.1
  Downloaded crossbeam-channel v0.5.17
  Downloaded gdk4-sys v0.11.4
  Downloaded euclid v0.22.14
  Downloaded gdk4 v0.11.4
  Downloaded proc-macro-crate v3.5.0
  Downloaded combine v4.6.7
  Downloaded gtk4-sys v0.11.4
  Downloaded atspi-common v0.14.0
  Downloaded same-file v1.0.6
  Downloaded intl-memoizer v0.5.3
  Downloaded static_vcruntime v2.0.0
  Downloaded hashbrown v0.17.1
  Downloaded rustc_version v0.4.1
  Downloaded zerovec v0.11.8
  Downloaded futures-util v0.3.32
  Downloaded zbus v5.18.0
  Downloaded fearless_simd v0.4.1
  Downloaded zlib-rs v0.6.7
  Downloaded heck v0.5.0
  Downloaded gio v0.22.8
  Downloaded glib v0.22.8
  Downloaded harfrust v0.13.3
  Downloaded automerge v0.11.0
  Downloaded gtk4 v0.11.4
  Downloaded version-compare v0.2.1
  Downloaded rustc-hash v2.1.3
  Downloaded thread_local v1.1.10
  Downloaded ordered-stream v0.2.0
  Downloaded thiserror v1.0.69
  Downloaded piper v0.2.5
  Downloaded pkg-config v0.3.33
  Downloaded serde_spanned v1.1.1
  Downloaded shlex v2.0.1
  Downloaded thiserror v2.0.20
  Downloaded thiserror-impl v1.0.69
  Downloaded thiserror-impl v2.0.20
  Downloaded hex v0.4.3
  Downloaded polycool v0.4.0
  Downloaded rand_core v0.10.1
  Downloaded self_cell v1.3.0
  Downloaded peniko v0.6.1
  Downloaded pin-project-lite v0.2.17
  Downloaded signal-hook-registry v1.4.8
  Downloaded tinystr v0.8.4
  Downloaded toml_writer v1.1.1+spec-1.1.0
  Downloaded walkdir v2.5.0
  Downloaded slab v0.4.12
  Downloaded system-deps v7.0.8
  Downloaded pango-sys v0.22.0
  Downloaded hashlink v0.12.2
  Downloaded once_cell v1.21.4
  Downloaded quote v1.0.46
  Downloaded smallvec v1.15.2
  Downloaded toml_datetime v1.1.1+spec-1.1.0
  Downloaded tracing-attributes v0.1.31
  Downloaded hybrid-array v0.4.15
  Downloaded sha2 v0.11.0
  Downloaded static_assertions v1.1.0
  Downloaded target-lexicon v0.13.5
  Downloaded semver v1.0.28
  Downloaded toml_parser v1.1.2+spec-1.1.0
  Downloaded log v0.4.33
  Downloaded pango v0.22.8
  Downloaded libadwaita-sys v0.9.2
  Downloaded smol_str v0.3.6
  Downloaded polling v3.11.0
  Downloaded tracing-core v0.1.36
  Downloaded unicode-ident v1.0.24
  Downloaded tinyvec v1.13.3
  Downloaded toml v1.1.2+spec-1.1.0
  Downloaded uuid v1.24.0
  Downloaded proc-macro2 v1.0.106
  Downloaded serde_core v1.0.228
  Downloaded num-traits v0.2.19
  Downloaded serde_derive v1.0.228
  Downloaded toml_edit v0.25.12+spec-1.1.0
  Downloaded rayon-core v1.13.0
  Downloaded serde v1.0.228
  Downloaded jni v0.21.1
  Downloaded unic-langid-impl v0.9.6
  Downloaded memchr v2.8.3
  Downloaded unicode-segmentation v1.13.3
  Downloaded rand v0.10.2
  Downloaded typenum v1.20.1
  Downloaded indexmap v2.14.0
  Downloaded vello_common v0.2.0
  Downloaded vello_cpu v0.2.0
  Downloaded libadwaita v0.9.2
  Downloaded itertools v0.15.0
  Downloaded rayon v1.12.0
  Downloaded skrifa v0.44.0
  Downloaded kurbo v0.13.1
  Downloaded rusqlite v0.40.2
  Downloaded winnow v1.0.4
  Downloaded vcpkg v0.2.15
  Downloaded hexane v1.0.0-alpha.5
  Downloaded syn v2.0.118
  Downloaded syn v3.0.3
  Downloaded skrifa v0.46.2
  Downloaded rustix v1.1.4
  Downloaded tracing v0.1.44
  Downloaded read-fonts v0.41.0
  Downloaded read-fonts v0.43.3
  Downloaded libc v0.2.186
  Downloaded linux-raw-sys v0.12.1
  Downloaded libsqlite3-sys v0.38.2
   Compiling kaya v0.0.0 (/work/crates/kaya)
warning: unused import: `gtk4::prelude::WidgetExt`
     --> crates/kaya/src/gtk.rs:11410:21
      |
11410 |                 use gtk4::prelude::WidgetExt;
      |                     ^^^^^^^^^^^^^^^^^^^^^^^^
      |
      = note: `#[warn(unused_imports)]` (part of `#[warn(unused)]`) on by default

warning: unused import: `gtk4::prelude::GtkWindowExt`
     --> crates/kaya/src/gtk.rs:16168:17
      |
16168 |             use gtk4::prelude::GtkWindowExt;
      |                 ^^^^^^^^^^^^^^^^^^^^^^^^^^^

warning: unused import: `Cast`
     --> crates/kaya/src/gtk.rs:17808:33
      |
17808 |             use gtk4::prelude::{Cast, WidgetExt};
      |                                 ^^^^

warning: unused import: `Cast`
     --> crates/kaya/src/gtk.rs:19883:40
      |
19883 |     use gtk4::prelude::{AccessibleExt, Cast};
      |                                        ^^^^

warning: use of deprecated method `gtk4::prelude::WidgetExt::allocation`: Since 4.12
    --> crates/kaya/src/gtk.rs:2347:32
     |
2347 |         let allocation = child.allocation();
     |                                ^^^^^^^^^^
     |
     = note: `#[warn(deprecated)]` on by default

warning: use of deprecated method `gtk4::prelude::WidgetExt::allocation`: Since 4.12
    --> crates/kaya/src/gtk.rs:4018:42
     |
4018 |         let folded_extra = f64::from(top.allocation().y());
     |                                          ^^^^^^^^^^

warning: use of deprecated method `gtk4::prelude::WidgetExt::allocation`: Since 4.12
    --> crates/kaya/src/gtk.rs:4038:32
     |
4038 |             let allocation = w.allocation();
     |                                ^^^^^^^^^^

warning: use of deprecated method `gtk4::CssProvider::load_from_data`: Since 4.12
     --> crates/kaya/src/gtk.rs:13417:14
      |
13417 |     provider.load_from_data(css);
      |              ^^^^^^^^^^^^^^

warning: use of deprecated method `gtk4::prelude::WidgetExt::allocation`: Since 4.12
     --> crates/kaya/src/gtk.rs:18148:31
      |
18148 |                     let a = c.allocation();
      |                               ^^^^^^^^^^

warning: use of deprecated method `gtk4::prelude::WidgetExt::allocation`: Since 4.12
     --> crates/kaya/src/gtk.rs:18201:36
      |
18201 |                 let alloc = widget.allocation();
      |                                    ^^^^^^^^^^

warning: use of deprecated method `gtk4::prelude::WidgetExt::allocated_baseline`: Since 4.12
     --> crates/kaya/src/gtk.rs:18209:36
      |
18209 |                     let b = widget.allocated_baseline();
      |                                    ^^^^^^^^^^^^^^^^^^

warning: use of deprecated method `gtk4::prelude::WidgetExt::allocated_baseline`: Since 4.12
     --> crates/kaya/src/gtk.rs:18223:32
      |
18223 |                         widget.allocated_baseline(),
      |                                ^^^^^^^^^^^^^^^^^^

warning: use of deprecated method `gtk4::prelude::WidgetExt::allocation`: Since 4.12
     --> crates/kaya/src/gtk.rs:18620:35
      |
18620 |                 let alloc = label.allocation();
      |                                   ^^^^^^^^^^

warning: use of deprecated method `gtk4::prelude::WidgetExt::allocation`: Since 4.12
     --> crates/kaya/src/gtk.rs:18832:30
      |
18832 |                 edges.push(c.allocation().x());
      |                              ^^^^^^^^^^

warning: use of deprecated method `gtk4::prelude::WidgetExt::allocation`: Since 4.12
     --> crates/kaya/src/gtk.rs:19242:30
      |
19242 |             let alloc = root.allocation();
      |                              ^^^^^^^^^^

warning: unused import: `WidgetExt`
     --> crates/kaya/src/gtk.rs:18482:53
      |
18482 |             use gtk4::prelude::{Cast, GtkWindowExt, WidgetExt};
      |                                                     ^^^^^^^^^

warning: unused import: `gtk4::prelude::WidgetExt`
     --> crates/kaya/src/gtk.rs:19492:17
      |
19492 |             use gtk4::prelude::WidgetExt;
      |                 ^^^^^^^^^^^^^^^^^^^^^^^^

warning: variable does not need to be mutable
    --> crates/kaya/src/gtk.rs:7908:17
     |
7908 |             let mut open = open.borrow_mut();
     |                 ----^^^^
     |                 |
     |                 help: remove this `mut`
     |
     = note: `#[warn(unused_mut)]` (part of `#[warn(unused)]`) on by default

warning: value assigned to `holds` is never read
     --> crates/kaya/src/gtk.rs:16130:25
      |
16130 |         let mut holds = None;
      |                         ^^^^ this value is reassigned later and never used
...
16133 |             holds = now;
      |             ----------- `holds` is overwritten here before the previous value is read
      |
      = note: `#[warn(unused_assignments)]` (part of `#[warn(unused)]`) on by default

warning: function `run` is never used
    --> crates/kaya/src/harness.rs:3153:8
     |
3153 | pub fn run(steps: Vec<Step>, stage: impl Stage) {
     |        ^^^
     |
     = note: `#[warn(dead_code)]` (part of `#[warn(unused)]`) on by default

warning: methods `name` and `local_path` are never used
   --> crates/kaya/src/protocol.rs:131:8
    |
122 | pub trait PickedSource: Send + Sync {
    |           ------------ methods in this trait
...
131 |     fn name(&self) -> &str;
    |        ^^^^
132 |     /// Empty unless re-opening this name actually works.
133 |     fn local_path(&self) -> &str;
    |        ^^^^^^^^^^

warning: field `name` is never read
   --> crates/kaya/src/protocol.rs:205:9
    |
204 | pub struct PathSource {
    |            ---------- field in this struct
205 |     pub name: String,
    |         ^^^^

warning: field `name` is never read
   --> crates/kaya/src/protocol.rs:246:9
    |
245 | pub struct SaveDestination {
    |            --------------- field in this struct
246 |     pub name: String,
    |         ^^^^

warning: function `notification_outcome` is never used
   --> crates/kaya/src/wire.rs:524:15
    |
524 | pub(crate) fn notification_outcome(raw: u32) -> crate::protocol::NotificationOutcome {
    |               ^^^^^^^^^^^^^^^^^^^^

warning: function `alert_choice` is never used
    --> crates/kaya/src/wire.rs:2509:15
     |
2509 | pub(crate) fn alert_choice(raw: u32) -> AlertChoice {
     |               ^^^^^^^^^^^^

warning: field `pending` is never read
    --> crates/kaya/src/gtk.rs:3166:5
     |
3131 | struct GtkTable {
     |        -------- field in this struct
...
3166 |     pending: Rc<std::cell::Cell<bool>>,
     |     ^^^^^^^

warning: field `title` is never read
    --> crates/kaya/src/gtk.rs:4659:5
     |
4658 | struct GtkLiveFileDialog {
     |        ----------------- field in this struct
4659 |     title: String,
     |     ^^^^^
     |
     = note: `GtkLiveFileDialog` has a derived impl for the trait `Clone`, but this is intentionally ignored during dead code analysis

warning: field `id` is never read
    --> crates/kaya/src/gtk.rs:4663:5
     |
4662 | struct GtkLiveAlert {
     |        ------------ field in this struct
4663 |     id: u64,
     |     ^^

warning: function `request_exit` is never used
     --> crates/kaya/src/gtk.rs:14564:4
      |
14564 | fn request_exit(code: i32) {
      |    ^^^^^^^^^^^^

warning: function `declare_windowing` is never used
    --> crates/kaya/src/capi.rs:2359:15
     |
2359 | pub(crate) fn declare_windowing() {
     |               ^^^^^^^^^^^^^^^^^

warning: function `set_presentation_sink` is never used
    --> crates/kaya/src/capi.rs:2429:15
     |
2429 | pub(crate) fn set_presentation_sink(sink: OccSink) {
     |               ^^^^^^^^^^^^^^^^^^^^^

warning: function `presentation_tx_sender` is never used
    --> crates/kaya/src/capi.rs:2470:15
     |
2470 | pub(crate) fn presentation_tx_sender() -> mpsc::Sender<Transaction> {
     |               ^^^^^^^^^^^^^^^^^^^^^^

warning: function `sheet_user_dismissed` is never used
    --> crates/kaya/src/capi.rs:2595:15
     |
2595 | pub(crate) fn sheet_user_dismissed(sheet: u64) {
     |               ^^^^^^^^^^^^^^^^^^^^

warning: `kaya` (lib) generated 33 warnings (run `cargo fix --lib -p kaya` to apply 5 suggestions)
    Finished `dev` profile [unoptimized] target(s) in 3m 04s
   Compiling kaya v0.0.0 (/work/crates/kaya)
warning: unused import: `gtk4::prelude::WidgetExt`
     --> crates/kaya/src/gtk.rs:11410:21
      |
11410 |                 use gtk4::prelude::WidgetExt;
      |                     ^^^^^^^^^^^^^^^^^^^^^^^^
      |
      = note: `#[warn(unused_imports)]` (part of `#[warn(unused)]`) on by default

warning: use of deprecated method `gtk4::prelude::WidgetExt::allocation`: Since 4.12
    --> crates/kaya/src/gtk.rs:2347:32
     |
2347 |         let allocation = child.allocation();
     |                                ^^^^^^^^^^
     |
     = note: `#[warn(deprecated)]` on by default

warning: use of deprecated method `gtk4::prelude::WidgetExt::allocation`: Since 4.12
    --> crates/kaya/src/gtk.rs:4018:42
     |
4018 |         let folded_extra = f64::from(top.allocation().y());
     |                                          ^^^^^^^^^^

warning: use of deprecated method `gtk4::prelude::WidgetExt::allocation`: Since 4.12
    --> crates/kaya/src/gtk.rs:4038:32
     |
4038 |             let allocation = w.allocation();
     |                                ^^^^^^^^^^

warning: use of deprecated method `gtk4::CssProvider::load_from_data`: Since 4.12
     --> crates/kaya/src/gtk.rs:13417:14
      |
13417 |     provider.load_from_data(css);
      |              ^^^^^^^^^^^^^^

warning: unused variable: `popover`
    --> crates/kaya/src/gtk.rs:7907:38
     |
7907 |         popover.connect_closed(move |popover| {
     |                                      ^^^^^^^ help: if this is intentional, prefix it with an underscore: `_popover`
     |
     = note: `#[warn(unused_variables)]` (part of `#[warn(unused)]`) on by default

warning: function `platform_answer` is never used
   --> crates/kaya/src/fmt.rs:126:15
    |
126 | pub(crate) fn platform_answer(kind: &str, value: &str, length: &str) -> String {
    |               ^^^^^^^^^^^^^^^
    |
    = note: `#[warn(dead_code)]` (part of `#[warn(unused)]`) on by default

warning: constant `ENV_DOMAIN` is never used
  --> crates/kaya/src/prefs.rs:62:18
   |
62 | pub(crate) const ENV_DOMAIN: &str = "KAYA_PREF_DOMAIN";
   |                  ^^^^^^^^^^

warning: function `clear_selftest_scratch` is never used
   --> crates/kaya/src/prefs.rs:252:15
    |
252 | pub(crate) fn clear_selftest_scratch() {
    |               ^^^^^^^^^^^^^^^^^^^^^^

warning: function `export_domain` is never used
   --> crates/kaya/src/prefs.rs:264:15
    |
264 | pub(crate) fn export_domain() {
    |               ^^^^^^^^^^^^^

warning: function `clear` is never used
   --> crates/kaya/src/prefs.rs:342:19
    |
342 |     pub(super) fn clear() {
    |                   ^^^^^

warning: methods `name` and `local_path` are never used
   --> crates/kaya/src/protocol.rs:131:8
    |
122 | pub trait PickedSource: Send + Sync {
    |           ------------ methods in this trait
...
131 |     fn name(&self) -> &str;
    |        ^^^^
132 |     /// Empty unless re-opening this name actually works.
133 |     fn local_path(&self) -> &str;
    |        ^^^^^^^^^^

warning: field `name` is never read
   --> crates/kaya/src/protocol.rs:205:9
    |
204 | pub struct PathSource {
    |            ---------- field in this struct
205 |     pub name: String,
    |         ^^^^

warning: field `name` is never read
   --> crates/kaya/src/protocol.rs:246:9
    |
245 | pub struct SaveDestination {
    |            --------------- field in this struct
246 |     pub name: String,
    |         ^^^^

warning: function `notification_outcome` is never used
   --> crates/kaya/src/wire.rs:524:15
    |
524 | pub(crate) fn notification_outcome(raw: u32) -> crate::protocol::NotificationOutcome {
    |               ^^^^^^^^^^^^^^^^^^^^

warning: function `alert_choice` is never used
    --> crates/kaya/src/wire.rs:2509:15
     |
2509 | pub(crate) fn alert_choice(raw: u32) -> AlertChoice {
     |               ^^^^^^^^^^^^

warning: function `buffer_offset_of_byte` is never used
   --> crates/kaya/src/gtk.rs:403:4
    |
403 | fn buffer_offset_of_byte(buffer_text: &str, guest_byte: u64) -> i32 {
    |    ^^^^^^^^^^^^^^^^^^^^^

warning: function `rich_attr_of` is never used
   --> crates/kaya/src/gtk.rs:508:4
    |
508 | fn rich_attr_of(tag_name: &str, links: &HashMap<String, String>) -> Option<(String, String)> {
    |    ^^^^^^^^^^^^

warning: function `buffer_rich_runs` is never used
   --> crates/kaya/src/gtk.rs:804:4
    |
804 | fn buffer_rich_runs(buffer: &gtk4::TextBuffer, links: &HashMap<String, String>) -> String {
    |    ^^^^^^^^^^^^^^^^

warning: function `set_checked` is never used
    --> crates/kaya/src/gtk.rs:2886:4
     |
2886 | fn set_checked(widget: &gtk4::Widget, on: bool) {
     |    ^^^^^^^^^^^

warning: field `pending` is never read
    --> crates/kaya/src/gtk.rs:3166:5
     |
3131 | struct GtkTable {
     |        -------- field in this struct
...
3166 |     pending: Rc<std::cell::Cell<bool>>,
     |     ^^^^^^^

warning: function `header_cell_label` is never used
    --> crates/kaya/src/gtk.rs:3340:4
     |
3340 | fn header_cell_label(cell: &gtk4::Widget) -> Option<gtk4::Label> {
     |    ^^^^^^^^^^^^^^^^^

warning: function `cell_ink` is never used
    --> crates/kaya/src/gtk.rs:3352:4
     |
3352 | fn cell_ink(cell: &gtk4::Widget) -> gtk4::Widget {
     |    ^^^^^^^^

warning: function `header_cell_text` is never used
    --> crates/kaya/src/gtk.rs:3358:4
     |
3358 | fn header_cell_text(cell: &gtk4::Widget) -> String {
     |    ^^^^^^^^^^^^^^^^

warning: field `title` is never read
    --> crates/kaya/src/gtk.rs:4659:5
     |
4658 | struct GtkLiveFileDialog {
     |        ----------------- field in this struct
4659 |     title: String,
     |     ^^^^^
     |
     = note: `GtkLiveFileDialog` has a derived impl for the trait `Clone`, but this is intentionally ignored during dead code analysis

warning: fields `id`, `window`, `actions`, `labels`, and `dialog` are never read
    --> crates/kaya/src/gtk.rs:4663:5
     |
4662 | struct GtkLiveAlert {
     |        ------------ fields in this struct
4663 |     id: u64,
     |     ^^
4664 |     window: u64,
     |     ^^^^^^
4665 |     actions: usize,
     |     ^^^^^^^
...
4668 |     labels: Vec<String>,
     |     ^^^^^^
4669 |     dialog: gtk4::AlertDialog,
     |     ^^^^^^

warning: function `find_button` is never used
    --> crates/kaya/src/gtk.rs:4674:4
     |
4674 | fn find_button(widget: &gtk4::Widget, label: &str) -> Option<gtk4::Button> {
     |    ^^^^^^^^^^^

warning: function `focus_into_sheet` is never used
    --> crates/kaya/src/gtk.rs:5642:4
     |
5642 | fn focus_into_sheet(dialog: &gtk4::Widget) {
     |    ^^^^^^^^^^^^^^^^

warning: function `sheet_note` is never used
    --> crates/kaya/src/gtk.rs:5660:4
     |
5660 | fn sheet_note(verb: &'static str, what: std::fmt::Arguments<'_>) {
     |    ^^^^^^^^^^

warning: function `topmost_sheet` is never used
    --> crates/kaya/src/gtk.rs:5696:4
     |
5696 | fn topmost_sheet(core: &CoreState) -> Option<u64> {
     |    ^^^^^^^^^^^^^

warning: function `menu_resolve_path` is never used
    --> crates/kaya/src/gtk.rs:6875:4
     |
6875 | fn menu_resolve_path(reg: &MenuRegistry, roots: &[u64], path: &str) -> Option<u64> {
     |    ^^^^^^^^^^^^^^^^^

warning: function `window_width` is never used
    --> crates/kaya/src/gtk.rs:7810:4
     |
7810 | fn window_width(core: &CoreState, window: u64) -> Option<i32> {
     |    ^^^^^^^^^^^^

warning: function `menu_activation_route` is never used
    --> crates/kaya/src/gtk.rs:7997:4
     |
7997 | fn menu_activation_route(
     |    ^^^^^^^^^^^^^^^^^^^^^

warning: function `request_exit` is never used
     --> crates/kaya/src/gtk.rs:14564:4
      |
14564 | fn request_exit(code: i32) {
      |    ^^^^^^^^^^^^

warning: function `linux_wayland_session` is never used
     --> crates/kaya/src/gtk.rs:15161:4
      |
15161 | fn linux_wayland_session() -> bool {
      |    ^^^^^^^^^^^^^^^^^^^^^

warning: function `child_extent` is never used
    --> crates/kaya/src/gtk.rs:2346:12
     |
2346 |     pub fn child_extent(child: &gtk4::Widget, vertical: bool) -> f64 {
     |            ^^^^^^^^^^^^

warning: function `declare_windowing` is never used
    --> crates/kaya/src/capi.rs:2359:15
     |
2359 | pub(crate) fn declare_windowing() {
     |               ^^^^^^^^^^^^^^^^^

warning: function `set_presentation_sink` is never used
    --> crates/kaya/src/capi.rs:2429:15
     |
2429 | pub(crate) fn set_presentation_sink(sink: OccSink) {
     |               ^^^^^^^^^^^^^^^^^^^^^

warning: function `presentation_tx_sender` is never used
    --> crates/kaya/src/capi.rs:2470:15
     |
2470 | pub(crate) fn presentation_tx_sender() -> mpsc::Sender<Transaction> {
     |               ^^^^^^^^^^^^^^^^^^^^^^

warning: function `sheet_user_dismissed` is never used
    --> crates/kaya/src/capi.rs:2595:15
     |
2595 | pub(crate) fn sheet_user_dismissed(sheet: u64) {
     |               ^^^^^^^^^^^^^^^^^^^^

warning: `kaya` (lib) generated 40 warnings (run `cargo fix --lib -p kaya` to apply 2 suggestions)
    Finished `dev` profile [unoptimized] target(s) in 1.36s
TIMING core-build 187s
font-preflight: negative injected 3 wrong readings; all rejected
font-preflight: x11: GdkX11Display; gtk-font-name 'IBM Plex Sans 11' resolves to 'IBM Plex Sans'
font-preflight: negative injected 3 wrong readings; all rejected
font-preflight: wayland: GdkWaylandDisplay; gtk-font-name 'IBM Plex Sans 11' resolves to 'IBM Plex Sans'
flightrec: journal /flightrec-state/kaya/flightrec/runs/20260923T234654Z-004307/journal.jsonl (retention: newest 20 runs, 1 pruned, 20 kept)
exclusive: linux self-test — two mkdirs raced over /flightrec-state/kaya/exclusive, exactly one won
persist-leg: self-test N1 — no act-two directory: 1 finding(s)
persist-leg: self-test N2 — act one left no marker: 1 finding(s)
persist-leg: self-test N3 — a real marker: 0 finding(s)
persist-leg: self-test N4 — 2 of 4 act-one variable(s) stripped, 2 kept
persist-leg: self-test N5 — an entry nobody staged: 1 finding(s)
persist-leg: self-test N6 — the real door line: 0 finding(s)
persist-leg: self-test N6 — another door: 1 finding(s)
persist-leg: self-test N6 — no door line at all: 1 finding(s)
persist-leg: self-test — 6 clause(s), every refusal watched firing
link-leg: self-test N1 — no act-two directory: 1 finding(s)
link-leg: self-test N2 — the real door line: 0 finding(s), url 'dev.kaya.aurora.notes://task/t1'
link-leg: self-test N2 — another door: 1 finding(s)
link-leg: self-test N2 — no door line at all: 1 finding(s)
link-leg: self-test N2 — the door with an empty URL: 1 finding(s)
link-leg: self-test N3 — the registered scheme: 0 finding(s)
link-leg: self-test N3 — a URL under another scheme: 1 finding(s)
link-leg: self-test N4 — 2 of 4 act-one variable(s) stripped, 2 kept
link-leg: self-test N5 — the generator's own pair: 0 finding(s)
link-leg: self-test N6 — activatable with no service file: 1 finding(s)
link-leg: self-test N7 — a scheme claimed with no %u: 1 finding(s)
link-leg: self-test N8 — --gapplication-service on the service file: 1 finding(s)
link-leg: self-test N9 — gio resolving to this leg's own entry: 0 finding(s)
link-leg: self-test N9 — gio resolving to another app's entry: 1 finding(s)
link-leg: self-test N9 — gio resolving to nothing at all: 1 finding(s)
link-leg: self-test N10 — the leg's own binary among the started processes: 0 finding(s)
link-leg: self-test N10 — another app's process holding the scheme: 1 finding(s)
link-leg: self-test N10 — nothing started at all: 1 finding(s)
link-leg: self-test N11 — a private XDG home: 0 finding(s)
link-leg: self-test N11 — a data home under the account's own: 1 finding(s)
link-leg: self-test — 11 clause(s), every refusal watched firing
linux: the natural-size guard refused the planted warning and passed a clean log
focus-ring: self-test — 5 clause(s), 0 finding(s)
TIMING guest-builds 27s
dragprobe: injector's expired wait said wlpointer: no drag began within 100ms of the threshold; releasing anyway
dragprobe: injector's expired hold said wlpointer: no drop target took the drag within 100ms; releasing anyway
dragprobe: wayland window content at (500, 375) (surface transform (x=0.0, y=0.0)); drag (640, 475) -> (880, 475)
dragprobe: saw prepare at 100,35
dragprobe: saw drag-begin
dragprobe: saw enter
dragprobe: saw drop 'alpha' at 100,35
dragprobe: wayland drop landed through /tmp/wlpointer/wlpointer: 'alpha' arrived at the target
dragprobe: saw drag-end delete=False
dragprobe: injector said wlpointer: drag began 0ms after the threshold; wlpointer: a drop target took the drag 0ms after the walk
dragprobe: x11 window content at (0.0, 0.0) (surface transform (x=0.0, y=0.0)); drag (140, 100) -> (380, 100)
dragprobe: saw prepare at 100,60
dragprobe: saw drag-begin
dragprobe: saw enter
dragprobe: saw drop 'alpha' at 100,60
dragprobe: x11 drop landed through xdotool: 'alpha' arrived at the target
dragprobe: saw drag-end delete=False
identity: the declared mark resolves at guests/assets/icons/kaya-mark.png (5993 bytes)
exclusive: linux waits to admit window-rust-x11 — lane=android leg=dnd-compose pid=44261 scope=host host=Akhils-MBP.localdomain start=1790207263 holds
exclusive: linux waited 51.0s to admit window-rust-x11
exclusive: linux waits to admit dirty-c-x11 — lane=android leg=tasks-compose pid=44261 scope=host host=Akhils-MBP.localdomain start=1790207320 holds
exclusive: linux waited 26.0s to admit dirty-c-x11
exclusive: linux waits to admit assets-ocaml-x11 — lane=android leg=notify-compose pid=44261 scope=host host=Akhils-MBP.localdomain start=1790207359 holds
exclusive: linux waited 6.0s to admit assets-ocaml-x11
exclusive: linux waits to admit identity-rust-x11 — lane=ios leg=save-swift pid=44260 scope=host host=Akhils-MBP.localdomain start=1790207369 holds
exclusive: linux waited 21.0s to admit identity-rust-x11
exclusive: linux holds for dndwitness-out-x11
exclusive: linux released after dndwitness-out-x11 (4.0s held)
exclusive: linux holds for dndwitness-in-x11
exclusive: linux released after dndwitness-in-x11 (4.0s held)
exclusive: linux waits to admit sliders-haskell-x11 — lane=android leg=dnd-jvm pid=44261 scope=host host=Akhils-MBP.localdomain start=1790207484 holds
exclusive: linux waited 51.0s to admit sliders-haskell-x11
exclusive: linux waits to admit formatar-ocaml-x11 — lane=ios leg=filedialog-go pid=44260 scope=host host=Akhils-MBP.localdomain start=1790207545 holds
exclusive: linux waited 35.0s to admit formatar-ocaml-x11
exclusive: linux waits to admit formatar-haskell-x11 — lane=windows leg=notes_rust pid=44259 scope=host host=Akhils-MBP.localdomain start=1790207580 holds
exclusive: linux waited 1.0s to admit formatar-haskell-x11
== rust-x11 ==
rust-x11: PASS (2s)
== c-x11 ==
c-x11: PASS (2s)
== python-x11 ==
python-x11: PASS (2s)
== js-x11 ==
js-x11: PASS (2s)
== go-x11 ==
go-x11: PASS (2s)
== csharp-x11 ==
csharp-x11: PASS (2s)
== ocaml-x11 ==
ocaml-x11: PASS (2s)
== haskell-x11 ==
haskell-x11: PASS (1s)
== java-x11 ==
java-x11: PASS (2s)
== entry-rust-x11 ==
entry-rust-x11: PASS (2s)
== entry-c-x11 ==
entry-c-x11: PASS (2s)
== entry-python-x11 ==
entry-python-x11: PASS (3s)
== entry-js-x11 ==
entry-js-x11: PASS (2s)
== entry-go-x11 ==
entry-go-x11: PASS (2s)
== entry-csharp-x11 ==
entry-csharp-x11: PASS (2s)
== entry-ocaml-x11 ==
entry-ocaml-x11: PASS (2s)
== entry-haskell-x11 ==
entry-haskell-x11: PASS (3s)
== entry-java-x11 ==
entry-java-x11: PASS (3s)
== gallery-rust-x11 ==
gallery-rust-x11: PASS (4s)
== gallery-c-x11 ==
gallery-c-x11: PASS (4s)
== gallery-python-x11 ==
gallery-python-x11: PASS (4s)
== gallery-js-x11 ==
gallery-js-x11: PASS (3s)
== gallery-go-x11 ==
gallery-go-x11: PASS (3s)
== gallery-csharp-x11 ==
gallery-csharp-x11: PASS (3s)
== gallery-ocaml-x11 ==
gallery-ocaml-x11: PASS (2s)
== gallery-haskell-x11 ==
gallery-haskell-x11: PASS (2s)
== gallery-java-x11 ==
gallery-java-x11: PASS (2s)
== todos-rust-x11 ==
todos-rust-x11: PASS (2s)
== todos-c-x11 ==
todos-c-x11: PASS (2s)
== todos-python-x11 ==
todos-python-x11: PASS (2s)
== todos-js-x11 ==
todos-js-x11: PASS (2s)
== todos-go-x11 ==
todos-go-x11: PASS (2s)
== todos-csharp-x11 ==
todos-csharp-x11: PASS (2s)
== todos-ocaml-x11 ==
todos-ocaml-x11: PASS (3s)
== todos-haskell-x11 ==
todos-haskell-x11: PASS (3s)
== todos-java-x11 ==
todos-java-x11: PASS (3s)
== reorder-rust-x11 ==
reorder-rust-x11: PASS (2s)
== reorder-c-x11 ==
reorder-c-x11: PASS (2s)
== reorder-python-x11 ==
reorder-python-x11: PASS (2s)
== reorder-js-x11 ==
reorder-js-x11: PASS (2s)
== reorder-go-x11 ==
reorder-go-x11: PASS (2s)
== reorder-csharp-x11 ==
reorder-csharp-x11: PASS (1s)
== reorder-ocaml-x11 ==
reorder-ocaml-x11: PASS (1s)
== reorder-haskell-x11 ==
reorder-haskell-x11: PASS (1s)
== reorder-java-x11 ==
reorder-java-x11: PASS (1s)
== feed-rust-x11 ==
feed-rust-x11: PASS (1s)
== feed-c-x11 ==
feed-c-x11: PASS (2s)
== feed-python-x11 ==
feed-python-x11: PASS (2s)
== feed-js-x11 ==
feed-js-x11: PASS (2s)
== feed-go-x11 ==
feed-go-x11: PASS (2s)
== feed-csharp-x11 ==
feed-csharp-x11: PASS (2s)
== feed-ocaml-x11 ==
feed-ocaml-x11: PASS (2s)
== feed-haskell-x11 ==
feed-haskell-x11: PASS (2s)
== feed-java-x11 ==
feed-java-x11: PASS (2s)
== grow-rust-x11 ==
grow-rust-x11: PASS (1s)
== grow-python-x11 ==
grow-python-x11: PASS (1s)
== grow-js-x11 ==
grow-js-x11: PASS (1s)
== grow-go-x11 ==
grow-go-x11: PASS (1s)
== grow-csharp-x11 ==
grow-csharp-x11: PASS (1s)
== grow-ocaml-x11 ==
grow-ocaml-x11: PASS (1s)
== grow-haskell-x11 ==
grow-haskell-x11: PASS (1s)
== grow-java-x11 ==
grow-java-x11: PASS (1s)
== align-rust-x11 ==
align-rust-x11: PASS (1s)
== align-python-x11 ==
align-python-x11: PASS (1s)
== align-js-x11 ==
align-js-x11: PASS (1s)
== align-go-x11 ==
align-go-x11: PASS (1s)
== align-csharp-x11 ==
align-csharp-x11: PASS (1s)
== align-ocaml-x11 ==
align-ocaml-x11: PASS (1s)
== align-haskell-x11 ==
align-haskell-x11: PASS (1s)
== align-java-x11 ==
align-java-x11: PASS (1s)
== window-rust-x11 ==
window-rust-x11: PASS (1s)
== window-python-x11 ==
window-python-x11: PASS (1s)
== window-js-x11 ==
window-js-x11: PASS (1s)
== window-go-x11 ==
window-go-x11: PASS (1s)
== window-csharp-x11 ==
window-csharp-x11: PASS (1s)
== window-ocaml-x11 ==
window-ocaml-x11: PASS (1s)
== window-haskell-x11 ==
window-haskell-x11: PASS (2s)
== window-java-x11 ==
window-java-x11: PASS (2s)
== panels-rust-x11 ==
panels-rust-x11: PASS (2s)
== panels-python-x11 ==
panels-python-x11: PASS (2s)
== panels-js-x11 ==
panels-js-x11: PASS (3s)
== panels-go-x11 ==
panels-go-x11: PASS (2s)
== panels-csharp-x11 ==
panels-csharp-x11: PASS (2s)
== panels-ocaml-x11 ==
panels-ocaml-x11: PASS (2s)
== panels-haskell-x11 ==
panels-haskell-x11: PASS (1s)
== panels-java-x11 ==
panels-java-x11: PASS (1s)
== dirty-rust-x11 ==
dirty-rust-x11: PASS (3s)
== dirty-python-x11 ==
dirty-python-x11: PASS (4s)
== dirty-js-x11 ==
dirty-js-x11: PASS (4s)
== dirty-go-x11 ==
dirty-go-x11: PASS (4s)
== dirty-csharp-x11 ==
dirty-csharp-x11: PASS (4s)
== dirty-ocaml-x11 ==
dirty-ocaml-x11: PASS (3s)
== dirty-haskell-x11 ==
dirty-haskell-x11: PASS (2s)
== dirty-java-x11 ==
dirty-java-x11: PASS (2s)
== dirty-c-x11 ==
dirty-c-x11: PASS (4s)
== a11yrows-rust-x11 ==
a11yrows-rust-x11: PASS (4s)
== a11yrows-python-x11 ==
a11yrows-python-x11: PASS (3s)
== a11yrows-js-x11 ==
a11yrows-js-x11: PASS (4s)
== a11yrows-go-x11 ==
a11yrows-go-x11: PASS (3s)
== a11yrows-csharp-x11 ==
a11yrows-csharp-x11: PASS (3s)
== a11yrows-ocaml-x11 ==
a11yrows-ocaml-x11: PASS (4s)
== a11yrows-haskell-x11 ==
a11yrows-haskell-x11: PASS (3s)
== a11yrows-java-x11 ==
a11yrows-java-x11: PASS (3s)
== a11yrows-c-x11 ==
a11yrows-c-x11: PASS (3s)
== styling-rust-x11 ==
styling-rust-x11: PASS (3s)
== styling-python-x11 ==
styling-python-x11: PASS (3s)
== styling-js-x11 ==
styling-js-x11: PASS (3s)
== styling-go-x11 ==
styling-go-x11: PASS (3s)
== styling-csharp-x11 ==
styling-csharp-x11: PASS (3s)
== styling-ocaml-x11 ==
styling-ocaml-x11: PASS (1s)
== styling-haskell-x11 ==
styling-haskell-x11: PASS (1s)
== styling-java-x11 ==
styling-java-x11: PASS (1s)
== styling-c-x11 ==
styling-c-x11: PASS (1s)
== typeface-rust-x11 ==
typeface-rust-x11: PASS (2s)
== typeface-python-x11 ==
typeface-python-x11: PASS (2s)
== typeface-js-x11 ==
typeface-js-x11: PASS (2s)
== typeface-go-x11 ==
typeface-go-x11: PASS (2s)
== typeface-csharp-x11 ==
typeface-csharp-x11: PASS (2s)
== typeface-ocaml-x11 ==
typeface-ocaml-x11: PASS (3s)
== typeface-haskell-x11 ==
typeface-haskell-x11: PASS (2s)
== typeface-java-x11 ==
typeface-java-x11: PASS (2s)
== assets-rust-x11 ==
assets-rust-x11: PASS (1s)
== assets-python-x11 ==
assets-python-x11: PASS (1s)
== assets-js-x11 ==
assets-js-x11: PASS (2s)
== assets-go-x11 ==
assets-go-x11: PASS (1s)
== assets-csharp-x11 ==
assets-csharp-x11: PASS (1s)
== assets-ocaml-x11 ==
assets-ocaml-x11: PASS (2s)
== assets-haskell-x11 ==
assets-haskell-x11: PASS (2s)
== assets-java-x11 ==
assets-java-x11: PASS (2s)
== assets-c-x11 ==
assets-c-x11: PASS (2s)
== toolbar-rust-x11 ==
toolbar-rust-x11: PASS (3s)
== toolbar-python-x11 ==
toolbar-python-x11: PASS (2s)
== toolbar-js-x11 ==
toolbar-js-x11: PASS (2s)
== toolbar-go-x11 ==
toolbar-go-x11: PASS (2s)
== toolbar-csharp-x11 ==
toolbar-csharp-x11: PASS (2s)
== toolbar-ocaml-x11 ==
toolbar-ocaml-x11: PASS (2s)
== toolbar-haskell-x11 ==
toolbar-haskell-x11: PASS (2s)
== toolbar-java-x11 ==
toolbar-java-x11: PASS (2s)
== identity-rust-x11 ==
identity-rust-x11: PASS (5s)
== identity-python-x11 ==
identity-python-x11: PASS (5s)
== identity-js-x11 ==
identity-js-x11: PASS (6s)
== identity-go-x11 ==
identity-go-x11: PASS (4s)
== identity-csharp-x11 ==
identity-csharp-x11: PASS (4s)
== identity-ocaml-x11 ==
identity-ocaml-x11: PASS (4s)
== identity-haskell-x11 ==
identity-haskell-x11: PASS (5s)
== identity-java-x11 ==
identity-java-x11: PASS (5s)
== stall-rust-x11 ==
stall-rust-x11: PASS (6s)
== stall-python-x11 ==
stall-python-x11: PASS (6s)
== stall-js-x11 ==
stall-js-x11: PASS (6s)
== stall-go-x11 ==
stall-go-x11: PASS (6s)
== stall-csharp-x11 ==
stall-csharp-x11: PASS (6s)
== stall-ocaml-x11 ==
stall-ocaml-x11: PASS (6s)
== stall-haskell-x11 ==
stall-haskell-x11: PASS (6s)
== stall-java-x11 ==
stall-java-x11: PASS (6s)
== confirm-rust-x11 ==
confirm-rust-x11: PASS (3s)
== confirm-python-x11 ==
confirm-python-x11: PASS (4s)
== confirm-js-x11 ==
confirm-js-x11: PASS (4s)
== confirm-go-x11 ==
confirm-go-x11: PASS (4s)
== confirm-csharp-x11 ==
confirm-csharp-x11: PASS (4s)
== confirm-ocaml-x11 ==
confirm-ocaml-x11: PASS (3s)
== confirm-haskell-x11 ==
confirm-haskell-x11: PASS (3s)
== confirm-java-x11 ==
confirm-java-x11: PASS (3s)
== nav-rust-x11 ==
nav-rust-x11: PASS (1s)
== background-rust-x11 ==
background-rust-x11: PASS (1s)
== filedialog-rust-x11 ==
filedialog-rust-x11: PASS (8s)
== filedialog-python-x11 ==
filedialog-python-x11: PASS (8s)
== filedialog-js-x11 ==
filedialog-js-x11: PASS (8s)
== filedialog-go-x11 ==
filedialog-go-x11: PASS (8s)
== filedialog-csharp-x11 ==
filedialog-csharp-x11: PASS (8s)
== filedialog-ocaml-x11 ==
filedialog-ocaml-x11: PASS (8s)
== filedialog-haskell-x11 ==
filedialog-haskell-x11: PASS (8s)
== filedialog-java-x11 ==
filedialog-java-x11: PASS (7s)
== save-rust-x11 ==
save-rust-x11: PASS (11s)
== save-c-x11 ==
save-c-x11: PASS (11s)
== save-java-x11 ==
save-java-x11: PASS (11s)
== background-python-x11 ==
background-python-x11: PASS (2s)
== background-js-x11 ==
background-js-x11: PASS (2s)
== background-go-x11 ==
background-go-x11: PASS (2s)
== background-csharp-x11 ==
background-csharp-x11: PASS (1s)
== background-ocaml-x11 ==
background-ocaml-x11: PASS (2s)
== background-haskell-x11 ==
background-haskell-x11: PASS (2s)
== background-java-x11 ==
background-java-x11: PASS (2s)
== background-c-x11 ==
background-c-x11: PASS (2s)
== split-rust-x11 ==
split-rust-x11: PASS (2s)
== split-python-x11 ==
split-python-x11: PASS (2s)
== split-js-x11 ==
split-js-x11: PASS (2s)
== split-go-x11 ==
split-go-x11: PASS (2s)
== split-csharp-x11 ==
split-csharp-x11: PASS (2s)
== split-ocaml-x11 ==
split-ocaml-x11: PASS (2s)
== split-haskell-x11 ==
split-haskell-x11: PASS (3s)
== split-java-x11 ==
split-java-x11: PASS (3s)
== panes-rust-x11 ==
panes-rust-x11: PASS (3s)
== panes-python-x11 ==
panes-python-x11: PASS (3s)
== panes-js-x11 ==
panes-js-x11: PASS (4s)
== panes-go-x11 ==
panes-go-x11: PASS (2s)
== panes-csharp-x11 ==
panes-csharp-x11: PASS (2s)
== panes-ocaml-x11 ==
panes-ocaml-x11: PASS (2s)
== panes-haskell-x11 ==
panes-haskell-x11: PASS (4s)
== panes-java-x11 ==
panes-java-x11: PASS (4s)
== listdetail-rust-x11 ==
listdetail-rust-x11: PASS (2s)
== listdetail-python-x11 ==
listdetail-python-x11: PASS (2s)
== listdetail-js-x11 ==
listdetail-js-x11: PASS (2s)
== listdetail-go-x11 ==
listdetail-go-x11: PASS (2s)
== listdetail-csharp-x11 ==
listdetail-csharp-x11: PASS (2s)
== listdetail-ocaml-x11 ==
listdetail-ocaml-x11: PASS (2s)
== listdetail-haskell-x11 ==
listdetail-haskell-x11: PASS (2s)
== listdetail-java-x11 ==
listdetail-java-x11: PASS (2s)
== nav-python-x11 ==
nav-python-x11: PASS (2s)
== nav-js-x11 ==
nav-js-x11: PASS (2s)
== nav-go-x11 ==
nav-go-x11: PASS (2s)
== nav-csharp-x11 ==
nav-csharp-x11: PASS (2s)
== nav-ocaml-x11 ==
nav-ocaml-x11: PASS (1s)
== nav-haskell-x11 ==
nav-haskell-x11: PASS (2s)
== nav-java-x11 ==
nav-java-x11: PASS (2s)
== table-rust-x11 ==
table-rust-x11: PASS (2s)
== table-python-x11 ==
table-python-x11: PASS (2s)
== table-js-x11 ==
table-js-x11: PASS (2s)
== table-go-x11 ==
table-go-x11: PASS (1s)
== table-csharp-x11 ==
table-csharp-x11: PASS (1s)
== table-ocaml-x11 ==
table-ocaml-x11: PASS (2s)
== table-haskell-x11 ==
table-haskell-x11: PASS (1s)
== table-java-x11 ==
table-java-x11: PASS (1s)
== windowed-rust-x11 ==
windowed-rust-x11: PASS (1s)
== tasks-rust-x11 ==
tasks-rust-x11: PASS (25s)
== tasksrtl-rust-x11 ==
tasksrtl-rust-x11: PASS (12s)
== taskspersist-rust-x11 ==
taskspersist-rust-x11: PASS (10s)
== links-rust-x11 ==
links-rust-x11: PASS (10s)
== notify-rust-x11 ==
notify-rust-x11: PASS (6s)
== notifygnome-rust-x11 ==
notifygnome-rust-x11: PASS (7s)
== notifyrefusal-rust-x11 ==
notifyrefusal-rust-x11: PASS (2s)
== adaptive-rust-x11 ==
adaptive-rust-x11: PASS (2s)
== adaptive-python-x11 ==
adaptive-python-x11: PASS (1s)
== adaptive-js-x11 ==
adaptive-js-x11: PASS (2s)
== adaptive-go-x11 ==
adaptive-go-x11: PASS (3s)
== adaptive-csharp-x11 ==
adaptive-csharp-x11: PASS (2s)
== adaptive-ocaml-x11 ==
adaptive-ocaml-x11: PASS (2s)
== adaptive-haskell-x11 ==
adaptive-haskell-x11: PASS (1s)
== adaptive-java-x11 ==
adaptive-java-x11: PASS (1s)
== canvas-rust-x11 ==
canvas-rust-x11: PASS (2s)
== canvasdark-rust-x11 ==
canvasdark-rust-x11: PASS (2s)
== sizepolicy-rust-x11 ==
sizepolicy-rust-x11: PASS (2s)
== dnd-rust-x11 ==
dnd-rust-x11: PASS (14s)
== dnd-python-x11 ==
dnd-python-x11: PASS (14s)
== dnd-js-x11 ==
dnd-js-x11: PASS (14s)
== dnd-go-x11 ==
dnd-go-x11: PASS (14s)
== dnd-csharp-x11 ==
dnd-csharp-x11: PASS (14s)
== dnd-ocaml-x11 ==
dnd-ocaml-x11: PASS (14s)
== dnd-haskell-x11 ==
dnd-haskell-x11: PASS (13s)
== dnd-java-x11 ==
dnd-java-x11: PASS (13s)
== dndwitness-out-x11 ==
dndwitness-out-x11: PASS (4s)
== dndwitness-in-x11 ==
dndwitness-in-x11: PASS (4s)
== pickers-rust-x11 ==
pickers-rust-x11: PASS (3s)
== pickers-python-x11 ==
pickers-python-x11: PASS (3s)
== pickers-js-x11 ==
pickers-js-x11: PASS (3s)
== pickers-go-x11 ==
pickers-go-x11: PASS (3s)
== pickers-csharp-x11 ==
pickers-csharp-x11: PASS (3s)
== pickers-ocaml-x11 ==
pickers-ocaml-x11: PASS (3s)
== pickers-haskell-x11 ==
pickers-haskell-x11: PASS (3s)
== pickers-java-x11 ==
pickers-java-x11: PASS (3s)
== sliders-rust-x11 ==
sliders-rust-x11: PASS (3s)
== sliders-python-x11 ==
sliders-python-x11: PASS (3s)
== sliders-js-x11 ==
sliders-js-x11: PASS (3s)
== sliders-go-x11 ==
sliders-go-x11: PASS (3s)
== sliders-csharp-x11 ==
sliders-csharp-x11: PASS (3s)
== sliders-ocaml-x11 ==
sliders-ocaml-x11: PASS (3s)
== sliders-haskell-x11 ==
sliders-haskell-x11: PASS (3s)
== sliders-java-x11 ==
sliders-java-x11: PASS (3s)
== sheet-rust-x11 ==
sheet-rust-x11: PASS (2s)
== format-rust-x11 ==
format-rust-x11: PASS (2s)
== formatde-rust-x11 ==
formatde-rust-x11: PASS (1s)
== formatar-rust-x11 ==
formatar-rust-x11: PASS (1s)
== format-python-x11 ==
KAYA_DIAG notification route: session bus yes, app id dev.kaya.aurora.notes, portal answers false, registered false, org.gtk.Notifications owned false -> None
KAYA_HARNESS: epoch 1790207536090

(python3:54023): Gtk-WARNING **: 23:52:16.097: Trying to measure AdwApplicationWindow 0x1d4ef630 for height of 444, but it needs at least 520

(python3:54023): Gtk-WARNING **: 23:52:16.206: Trying to measure AdwApplicationWindow 0x1d4ef630 for height of 444, but it needs at least 520

(python3:54023): Gtk-WARNING **: 23:52:16.214: Trying to measure AdwApplicationWindow 0x1d4ef630 for height of 444, but it needs at least 520

(python3:54023): Gtk-WARNING **: 23:52:16.227: Trying to measure AdwApplicationWindow 0x1d4ef630 for height of 444, but it needs at least 520

(python3:54023): Gtk-WARNING **: 23:52:16.262: Trying to measure AdwApplicationWindow 0x1d4ef630 for height of 444, but it needs at least 520

(python3:54023): Gtk-WARNING **: 23:52:16.322: Trying to measure AdwApplicationWindow 0x1d4ef630 for height of 444, but it needs at least 520

(python3:54023): Gtk-WARNING **: 23:52:16.325: Trying to measure AdwApplicationWindow 0x1d4ef630 for height of 444, but it needs at least 520
KAYA_DIAG window_metrics default=540x560 allocated=530x550 mapped=true
KAYA_DIAG window_metrics default=540x560 allocated=530x550 mapped=true
dbus-daemon[53989]: Activating service name='org.a11y.atspi.Registry' requested by ':1.0' (uid=0 pid=54023 comm="python3 guests/python/format.py")
KAYA_HARNESS: scene ready after 239ms
KAYA_HARNESS: +239ms Expect(Target { kind: Label, index: 0, id: None, keys: None }, "{fmt:date 2026-09-07 short}")
dbus-daemon[53989]: Successfully activated service 'org.a11y.atspi.Registry'
SpiRegistry daemon is running with well-known name - org.a11y.atspi.Registry
KAYA_HARNESS: step-failed Target { kind: Label, index: 0, id: None, keys: None } reads "09/07/26", wanted "09/07/2026"
KAYA_HARNESS: +15249ms Expect(Target { kind: Label, index: 1, id: None, keys: None }, "{fmt:date 2026-09-07 medium}")
KAYA_HARNESS: +15249ms Expect(Target { kind: Label, index: 2, id: None, keys: None }, "{fmt:date 2026-09-07 long}")
KAYA_HARNESS: +15249ms Expect(Target { kind: Label, index: 3, id: None, keys: None }, "{fmt:time 08:30 short}")
KAYA_HARNESS: step-failed Target { kind: Label, index: 3, id: None, keys: None } reads "08:30", wanted "08:30 AM"
KAYA_HARNESS: +30259ms Expect(Target { kind: Label, index: 4, id: None, keys: None }, "{fmt:date_time 2026-09-07T08:30 medium}")
KAYA_HARNESS: step-failed Target { kind: Label, index: 4, id: None, keys: None } reads "Sep 7, 2026 08:30:00", wanted "Sep 7, 2026 08:30:00 AM"
KAYA_HARNESS: +45276ms Expect(Target { kind: Label, index: 5, id: None, keys: None }, "{fmt:number 1234567.891 medium}")
KAYA_HARNESS: step-failed Target { kind: Label, index: 5, id: None, keys: None } reads "1234567.891", wanted "1,234,567.891"
KAYA_HARNESS: +60297ms Expect(Target { kind: Label, index: 6, id: None, keys: None }, "{fmt:percent 0.256 medium}")
KAYA_HARNESS: +60297ms Expect(Target { kind: Label, index: 7, id: None, keys: None }, "{fmt:currency 1234567.89:USD medium}")
KAYA_HARNESS: step-failed Target { kind: Label, index: 7, id: None, keys: None } reads "1234567.89USD", wanted "$1,234,567.89"
KAYA_HARNESS: +75308ms Expect(Target { kind: Label, index: 8, id: None, keys: None }, "one item")
KAYA_HARNESS: +75308ms Expect(Target { kind: Label, index: 9, id: None, keys: None }, "3 items")
KAYA_HARNESS: +75308ms Expect(Target { kind: Label, index: 10, id: None, keys: None }, "Hello, Ada")
KAYA_HARNESS: +75309ms ExpectDirection("ltr")
KAYA_HARNESS: +75309ms ExpectRootFills
KAYA_HARNESS: verb trace (0 records, 0 dropped) appended to /tmp/tmp.mnC04Zlddv/format-python-x11.vtrace
KAYA_SELFTEST: FAILED (Target { kind: Label, index: 0, id: None, keys: None } reads "09/07/26", wanted "09/07/2026"; Target { kind: Label, index: 3, id: None, keys: None } reads "08:30", wanted "08:30 AM"; Target { kind: Label, index: 4, id: None, keys: None } reads "Sep 7, 2026 08:30:00", wanted "Sep 7, 2026 08:30:00 AM"; Target { kind: Label, index: 5, id: None, keys: None } reads "1234567.891", wanted "1,234,567.891"; Target { kind: Label, index: 7, id: None, keys: None } reads "1234567.89USD", wanted "$1,234,567.89")
flightrec: bundle /flightrec-state/kaya/flightrec/runs/20260923T234654Z-004307/bundles/linux-format-python-x11 — 6 sections (5 ok, 0 skipped, 1 empty, 0 error), 12547 bytes (cap 33554432)
flightrec:   leg-log ok 4270
flightrec:   xvfb empty 0
flightrec:   verb-trace ok 2058
flightrec:   shot ok 332
flightrec:   desktop ok 220
flightrec:   focus ok 5376
format-python-x11: FAIL (77s)
== format-js-x11 ==
KAYA_DIAG notification route: session bus yes, app id dev.kaya.aurora.notes, portal answers false, registered false, org.gtk.Notifications owned false -> None
KAYA_HARNESS: epoch 1790207536112

(node:54028): Gtk-WARNING **: 23:52:16.233: Trying to measure AdwApplicationWindow 0x38a2ebc0 for height of 444, but it needs at least 520

(node:54028): Gtk-WARNING **: 23:52:16.272: Trying to measure AdwApplicationWindow 0x38a2ebc0 for height of 444, but it needs at least 520

(node:54028): Gtk-WARNING **: 23:52:16.274: Trying to measure AdwApplicationWindow 0x38a2ebc0 for height of 444, but it needs at least 520

(node:54028): Gtk-WARNING **: 23:52:16.277: Trying to measure AdwApplicationWindow 0x38a2ebc0 for height of 444, but it needs at least 520

(node:54028): Gtk-WARNING **: 23:52:16.279: Trying to measure AdwApplicationWindow 0x38a2ebc0 for height of 444, but it needs at least 520

(node:54028): Gtk-WARNING **: 23:52:16.336: Trying to measure AdwApplicationWindow 0x38a2ebc0 for height of 444, but it needs at least 520

(node:54028): Gtk-WARNING **: 23:52:16.337: Trying to measure AdwApplicationWindow 0x38a2ebc0 for height of 444, but it needs at least 520
KAYA_DIAG window_metrics default=540x560 allocated=530x550 mapped=true
KAYA_DIAG window_metrics default=540x560 allocated=530x550 mapped=true
KAYA_HARNESS: scene ready after 226ms
KAYA_HARNESS: +226ms Expect(Target { kind: Label, index: 0, id: None, keys: None }, "{fmt:date 2026-09-07 short}")
dbus-daemon[53996]: Activating service name='org.a11y.atspi.Registry' requested by ':1.0' (uid=0 pid=54028 comm="node guests/js/format.ts")
dbus-daemon[53996]: Successfully activated service 'org.a11y.atspi.Registry'
SpiRegistry daemon is running with well-known name - org.a11y.atspi.Registry
KAYA_HARNESS: step-failed Target { kind: Label, index: 0, id: None, keys: None } reads "09/07/26", wanted "09/07/2026"
KAYA_HARNESS: +15230ms Expect(Target { kind: Label, index: 1, id: None, keys: None }, "{fmt:date 2026-09-07 medium}")
KAYA_HARNESS: +15230ms Expect(Target { kind: Label, index: 2, id: None, keys: None }, "{fmt:date 2026-09-07 long}")
KAYA_HARNESS: +15230ms Expect(Target { kind: Label, index: 3, id: None, keys: None }, "{fmt:time 08:30 short}")
KAYA_HARNESS: step-failed Target { kind: Label, index: 3, id: None, keys: None } reads "08:30", wanted "08:30 AM"
KAYA_HARNESS: +30236ms Expect(Target { kind: Label, index: 4, id: None, keys: None }, "{fmt:date_time 2026-09-07T08:30 medium}")
KAYA_HARNESS: step-failed Target { kind: Label, index: 4, id: None, keys: None } reads "Sep 7, 2026 08:30:00", wanted "Sep 7, 2026 08:30:00 AM"
KAYA_HARNESS: +45237ms Expect(Target { kind: Label, index: 5, id: None, keys: None }, "{fmt:number 1234567.891 medium}")
KAYA_HARNESS: step-failed Target { kind: Label, index: 5, id: None, keys: None } reads "1234567.891", wanted "1,234,567.891"
KAYA_HARNESS: +60322ms Expect(Target { kind: Label, index: 6, id: None, keys: None }, "{fmt:percent 0.256 medium}")
KAYA_HARNESS: +60322ms Expect(Target { kind: Label, index: 7, id: None, keys: None }, "{fmt:currency 1234567.89:USD medium}")
KAYA_HARNESS: step-failed Target { kind: Label, index: 7, id: None, keys: None } reads "1234567.89USD", wanted "$1,234,567.89"
KAYA_HARNESS: +75340ms Expect(Target { kind: Label, index: 8, id: None, keys: None }, "one item")
KAYA_HARNESS: +75340ms Expect(Target { kind: Label, index: 9, id: None, keys: None }, "3 items")
KAYA_HARNESS: +75340ms Expect(Target { kind: Label, index: 10, id: None, keys: None }, "Hello, Ada")
KAYA_HARNESS: +75340ms ExpectDirection("ltr")
KAYA_HARNESS: +75341ms ExpectRootFills
KAYA_HARNESS: verb trace (0 records, 0 dropped) appended to /tmp/tmp.mnC04Zlddv/format-js-x11.vtrace
KAYA_SELFTEST: FAILED (Target { kind: Label, index: 0, id: None, keys: None } reads "09/07/26", wanted "09/07/2026"; Target { kind: Label, index: 3, id: None, keys: None } reads "08:30", wanted "08:30 AM"; Target { kind: Label, index: 4, id: None, keys: None } reads "Sep 7, 2026 08:30:00", wanted "Sep 7, 2026 08:30:00 AM"; Target { kind: Label, index: 5, id: None, keys: None } reads "1234567.891", wanted "1,234,567.891"; Target { kind: Label, index: 7, id: None, keys: None } reads "1234567.89USD", wanted "$1,234,567.89")
flightrec: bundle /flightrec-state/kaya/flightrec/runs/20260923T234654Z-004307/bundles/linux-format-js-x11 — 6 sections (5 ok, 0 skipped, 1 empty, 0 error), 11821 bytes (cap 33554432)
flightrec:   leg-log ok 4238
flightrec:   xvfb empty 0
flightrec:   verb-trace ok 2058
flightrec:   shot ok 332
flightrec:   desktop ok 220
flightrec:   focus ok 4682
format-js-x11: FAIL (77s)
== format-go-x11 ==
KAYA_DIAG notification route: session bus yes, app id dev.kaya.aurora.notes, portal answers false, registered false, org.gtk.Notifications owned false -> None
KAYA_HARNESS: epoch 1790207537428

(kaya-go:54582): Gtk-WARNING **: 23:52:17.476: Trying to measure AdwApplicationWindow 0x421f2f20 for height of 444, but it needs at least 520

(kaya-go:54582): Gtk-WARNING **: 23:52:17.482: Trying to measure AdwApplicationWindow 0x421f2f20 for height of 444, but it needs at least 520

(kaya-go:54582): Gtk-WARNING **: 23:52:17.492: Trying to measure AdwApplicationWindow 0x421f2f20 for height of 444, but it needs at least 520

(kaya-go:54582): Gtk-WARNING **: 23:52:17.495: Trying to measure AdwApplicationWindow 0x421f2f20 for height of 444, but it needs at least 520

(kaya-go:54582): Gtk-WARNING **: 23:52:17.501: Trying to measure AdwApplicationWindow 0x421f2f20 for height of 444, but it needs at least 520

(kaya-go:54582): Gtk-WARNING **: 23:52:17.645: Trying to measure AdwApplicationWindow 0x421f2f20 for height of 444, but it needs at least 520

(kaya-go:54582): Gtk-WARNING **: 23:52:17.658: Trying to measure AdwApplicationWindow 0x421f2f20 for height of 444, but it needs at least 520
KAYA_DIAG window_metrics default=540x560 allocated=530x550 mapped=true
KAYA_DIAG window_metrics default=540x560 allocated=530x550 mapped=true
KAYA_HARNESS: scene ready after 231ms
KAYA_HARNESS: +231ms Expect(Target { kind: Label, index: 0, id: None, keys: None }, "{fmt:date 2026-09-07 short}")
dbus-daemon[54576]: Activating service name='org.a11y.atspi.Registry' requested by ':1.0' (uid=0 pid=54582 comm="/tmp/go-guests/kaya-go")
dbus-daemon[54576]: Successfully activated service 'org.a11y.atspi.Registry'
SpiRegistry daemon is running with well-known name - org.a11y.atspi.Registry
KAYA_HARNESS: step-failed Target { kind: Label, index: 0, id: None, keys: None } reads "09/07/26", wanted "09/07/2026"
KAYA_HARNESS: +15233ms Expect(Target { kind: Label, index: 1, id: None, keys: None }, "{fmt:date 2026-09-07 medium}")
KAYA_HARNESS: +15233ms Expect(Target { kind: Label, index: 2, id: None, keys: None }, "{fmt:date 2026-09-07 long}")
KAYA_HARNESS: +15233ms Expect(Target { kind: Label, index: 3, id: None, keys: None }, "{fmt:time 08:30 short}")
KAYA_HARNESS: step-failed Target { kind: Label, index: 3, id: None, keys: None } reads "08:30", wanted "08:30 AM"
KAYA_HARNESS: +30240ms Expect(Target { kind: Label, index: 4, id: None, keys: None }, "{fmt:date_time 2026-09-07T08:30 medium}")
KAYA_HARNESS: step-failed Target { kind: Label, index: 4, id: None, keys: None } reads "Sep 7, 2026 08:30:00", wanted "Sep 7, 2026 08:30:00 AM"
KAYA_HARNESS: +45261ms Expect(Target { kind: Label, index: 5, id: None, keys: None }, "{fmt:number 1234567.891 medium}")
KAYA_HARNESS: step-failed Target { kind: Label, index: 5, id: None, keys: None } reads "1234567.891", wanted "1,234,567.891"
KAYA_HARNESS: +60263ms Expect(Target { kind: Label, index: 6, id: None, keys: None }, "{fmt:percent 0.256 medium}")
KAYA_HARNESS: +60263ms Expect(Target { kind: Label, index: 7, id: None, keys: None }, "{fmt:currency 1234567.89:USD medium}")
KAYA_HARNESS: step-failed Target { kind: Label, index: 7, id: None, keys: None } reads "1234567.89USD", wanted "$1,234,567.89"
KAYA_HARNESS: +75274ms Expect(Target { kind: Label, index: 8, id: None, keys: None }, "one item")
KAYA_HARNESS: +75275ms Expect(Target { kind: Label, index: 9, id: None, keys: None }, "3 items")
KAYA_HARNESS: +75275ms Expect(Target { kind: Label, index: 10, id: None, keys: None }, "Hello, Ada")
KAYA_HARNESS: +75275ms ExpectDirection("ltr")
KAYA_HARNESS: +75275ms ExpectRootFills
KAYA_HARNESS: verb trace (0 records, 0 dropped) appended to /tmp/tmp.mnC04Zlddv/format-go-x11.vtrace
KAYA_SELFTEST: FAILED (Target { kind: Label, index: 0, id: None, keys: None } reads "09/07/26", wanted "09/07/2026"; Target { kind: Label, index: 3, id: None, keys: None } reads "08:30", wanted "08:30 AM"; Target { kind: Label, index: 4, id: None, keys: None } reads "Sep 7, 2026 08:30:00", wanted "Sep 7, 2026 08:30:00 AM"; Target { kind: Label, index: 5, id: None, keys: None } reads "1234567.891", wanted "1,234,567.891"; Target { kind: Label, index: 7, id: None, keys: None } reads "1234567.89USD", wanted "$1,234,567.89")
flightrec: bundle /flightrec-state/kaya/flightrec/runs/20260923T234654Z-004307/bundles/linux-format-go-x11 — 6 sections (5 ok, 0 skipped, 1 empty, 0 error), 12958 bytes (cap 33554432)
flightrec:   leg-log ok 4257
flightrec:   xvfb empty 0
flightrec:   verb-trace ok 2058
flightrec:   shot ok 332
flightrec:   desktop ok 220
flightrec:   focus ok 5800
format-go-x11: FAIL (77s)
== format-csharp-x11 ==
KAYA_DIAG notification route: session bus yes, app id dev.kaya.aurora.notes, portal answers false, registered false, org.gtk.Notifications owned false -> None
KAYA_HARNESS: epoch 1790207537428

(dotnet:54581): Gtk-WARNING **: 23:52:17.475: Trying to measure AdwApplicationWindow 0xaaab04b2a740 for height of 444, but it needs at least 520

(dotnet:54581): Gtk-WARNING **: 23:52:17.485: Trying to measure AdwApplicationWindow 0xaaab04b2a740 for height of 444, but it needs at least 520

(dotnet:54581): Gtk-WARNING **: 23:52:17.493: Trying to measure AdwApplicationWindow 0xaaab04b2a740 for height of 444, but it needs at least 520

(dotnet:54581): Gtk-WARNING **: 23:52:17.493: Trying to measure AdwApplicationWindow 0xaaab04b2a740 for height of 444, but it needs at least 520

(dotnet:54581): Gtk-WARNING **: 23:52:17.494: Trying to measure AdwApplicationWindow 0xaaab04b2a740 for height of 444, but it needs at least 520

(dotnet:54581): Gtk-WARNING **: 23:52:17.586: Trying to measure AdwApplicationWindow 0xaaab04b2a740 for height of 444, but it needs at least 520

(dotnet:54581): Gtk-WARNING **: 23:52:17.599: Trying to measure AdwApplicationWindow 0xaaab04b2a740 for height of 444, but it needs at least 520
KAYA_DIAG window_metrics default=540x560 allocated=530x550 mapped=true
KAYA_DIAG window_metrics default=540x560 allocated=530x550 mapped=true
KAYA_HARNESS: scene ready after 173ms
KAYA_HARNESS: +173ms Expect(Target { kind: Label, index: 0, id: None, keys: None }, "{fmt:date 2026-09-07 short}")
dbus-daemon[54570]: Activating service name='org.a11y.atspi.Registry' requested by ':1.0' (uid=0 pid=54581 comm="dotnet exec /tmp/cs/bin/Debug/net10.0/kaya-guests.")
dbus-daemon[54570]: Successfully activated service 'org.a11y.atspi.Registry'
SpiRegistry daemon is running with well-known name - org.a11y.atspi.Registry
KAYA_HARNESS: step-failed Target { kind: Label, index: 0, id: None, keys: None } reads "09/07/26", wanted "09/07/2026"
KAYA_HARNESS: +15182ms Expect(Target { kind: Label, index: 1, id: None, keys: None }, "{fmt:date 2026-09-07 medium}")
KAYA_HARNESS: +15183ms Expect(Target { kind: Label, index: 2, id: None, keys: None }, "{fmt:date 2026-09-07 long}")
KAYA_HARNESS: +15183ms Expect(Target { kind: Label, index: 3, id: None, keys: None }, "{fmt:time 08:30 short}")
KAYA_HARNESS: step-failed Target { kind: Label, index: 3, id: None, keys: None } reads "08:30", wanted "08:30 AM"
KAYA_HARNESS: +30184ms Expect(Target { kind: Label, index: 4, id: None, keys: None }, "{fmt:date_time 2026-09-07T08:30 medium}")
KAYA_HARNESS: step-failed Target { kind: Label, index: 4, id: None, keys: None } reads "Sep 7, 2026 08:30:00", wanted "Sep 7, 2026 08:30:00 AM"
KAYA_HARNESS: +45187ms Expect(Target { kind: Label, index: 5, id: None, keys: None }, "{fmt:number 1234567.891 medium}")
KAYA_HARNESS: step-failed Target { kind: Label, index: 5, id: None, keys: None } reads "1234567.891", wanted "1,234,567.891"
KAYA_HARNESS: +60198ms Expect(Target { kind: Label, index: 6, id: None, keys: None }, "{fmt:percent 0.256 medium}")
KAYA_HARNESS: +60198ms Expect(Target { kind: Label, index: 7, id: None, keys: None }, "{fmt:currency 1234567.89:USD medium}")
KAYA_HARNESS: step-failed Target { kind: Label, index: 7, id: None, keys: None } reads "1234567.89USD", wanted "$1,234,567.89"
KAYA_HARNESS: +75212ms Expect(Target { kind: Label, index: 8, id: None, keys: None }, "one item")
KAYA_HARNESS: +75212ms Expect(Target { kind: Label, index: 9, id: None, keys: None }, "3 items")
KAYA_HARNESS: +75213ms Expect(Target { kind: Label, index: 10, id: None, keys: None }, "Hello, Ada")
KAYA_HARNESS: +75213ms ExpectDirection("ltr")
KAYA_HARNESS: +75213ms ExpectRootFills
KAYA_HARNESS: verb trace (0 records, 0 dropped) appended to /tmp/tmp.mnC04Zlddv/format-csharp-x11.vtrace
KAYA_SELFTEST: FAILED (Target { kind: Label, index: 0, id: None, keys: None } reads "09/07/26", wanted "09/07/2026"; Target { kind: Label, index: 3, id: None, keys: None } reads "08:30", wanted "08:30 AM"; Target { kind: Label, index: 4, id: None, keys: None } reads "Sep 7, 2026 08:30:00", wanted "Sep 7, 2026 08:30:00 AM"; Target { kind: Label, index: 5, id: None, keys: None } reads "1234567.891", wanted "1,234,567.891"; Target { kind: Label, index: 7, id: None, keys: None } reads "1234567.89USD", wanted "$1,234,567.89")
run-suites: Xvfb :105 never made a socket
_XSERVTransSocketUNIXCreateListener: ...SocketCreateListener() failed
_XSERVTransMakeAllCOTSServerListeners: server already running
(EE) 
Fatal server error:
(EE) Cannot establish any listening sockets - Make sure an X server isn't already running(EE) 
flightrec: bundle /flightrec-state/kaya/flightrec/runs/20260923T234654Z-004307/bundles/linux-format-csharp-x11 — 6 sections (5 ok, 0 skipped, 1 empty, 0 error), 13325 bytes (cap 33554432)
flightrec:   leg-log ok 4605
flightrec:   xvfb empty 0
flightrec:   verb-trace ok 2058
flightrec:   shot ok 332
flightrec:   desktop ok 220
flightrec:   focus ok 5819
format-csharp-x11: FAIL (83s)
== format-ocaml-x11 ==
KAYA_DIAG notification route: session bus yes, app id dev.kaya.aurora.notes, portal answers false, registered false, org.gtk.Notifications owned false -> None
KAYA_HARNESS: epoch 1790207537670

(format.exe:54649): Gtk-WARNING **: 23:52:17.680: Trying to measure AdwApplicationWindow 0xaaaaed1c4060 for height of 444, but it needs at least 520

(format.exe:54649): Gtk-WARNING **: 23:52:17.691: Trying to measure AdwApplicationWindow 0xaaaaed1c4060 for height of 444, but it needs at least 520

(format.exe:54649): Gtk-WARNING **: 23:52:17.696: Trying to measure AdwApplicationWindow 0xaaaaed1c4060 for height of 444, but it needs at least 520

(format.exe:54649): Gtk-WARNING **: 23:52:17.700: Trying to measure AdwApplicationWindow 0xaaaaed1c4060 for height of 444, but it needs at least 520

(format.exe:54649): Gtk-WARNING **: 23:52:17.703: Trying to measure AdwApplicationWindow 0xaaaaed1c4060 for height of 444, but it needs at least 520

(format.exe:54649): Gtk-WARNING **: 23:52:17.777: Trying to measure AdwApplicationWindow 0xaaaaed1c4060 for height of 444, but it needs at least 520

(format.exe:54649): Gtk-WARNING **: 23:52:17.778: Trying to measure AdwApplicationWindow 0xaaaaed1c4060 for height of 444, but it needs at least 520
KAYA_DIAG window_metrics default=540x560 allocated=530x550 mapped=true
KAYA_DIAG window_metrics default=540x560 allocated=530x550 mapped=true
dbus-daemon[54635]: Activating service name='org.a11y.atspi.Registry' requested by ':1.0' (uid=0 pid=54649 comm="_build-linux/default/guests/ocaml/format.exe")
KAYA_HARNESS: scene ready after 150ms
KAYA_HARNESS: +150ms Expect(Target { kind: Label, index: 0, id: None, keys: None }, "{fmt:date 2026-09-07 short}")
dbus-daemon[54635]: Successfully activated service 'org.a11y.atspi.Registry'
SpiRegistry daemon is running with well-known name - org.a11y.atspi.Registry

(format.exe:54649): Gtk-WARNING **: 23:52:17.857: Trying to measure AdwApplicationWindow 0xaaaaed1c4060 for height of 444, but it needs at least 520

(format.exe:54649): Gtk-WARNING **: 23:52:17.858: Trying to measure AdwApplicationWindow 0xaaaaed1c4060 for height of 444, but it needs at least 520
KAYA_HARNESS: step-failed Target { kind: Label, index: 0, id: None, keys: None } reads "09/07/26", wanted "09/07/2026"
KAYA_HARNESS: +15153ms Expect(Target { kind: Label, index: 1, id: None, keys: None }, "{fmt:date 2026-09-07 medium}")
KAYA_HARNESS: +15153ms Expect(Target { kind: Label, index: 2, id: None, keys: None }, "{fmt:date 2026-09-07 long}")
KAYA_HARNESS: +15154ms Expect(Target { kind: Label, index: 3, id: None, keys: None }, "{fmt:time 08:30 short}")
KAYA_HARNESS: step-failed Target { kind: Label, index: 3, id: None, keys: None } reads "08:30", wanted "08:30 AM"
KAYA_HARNESS: +30177ms Expect(Target { kind: Label, index: 4, id: None, keys: None }, "{fmt:date_time 2026-09-07T08:30 medium}")
KAYA_HARNESS: step-failed Target { kind: Label, index: 4, id: None, keys: None } reads "Sep 7, 2026 08:30:00", wanted "Sep 7, 2026 08:30:00 AM"
KAYA_HARNESS: +45194ms Expect(Target { kind: Label, index: 5, id: None, keys: None }, "{fmt:number 1234567.891 medium}")
KAYA_HARNESS: step-failed Target { kind: Label, index: 5, id: None, keys: None } reads "1234567.891", wanted "1,234,567.891"
KAYA_HARNESS: +60205ms Expect(Target { kind: Label, index: 6, id: None, keys: None }, "{fmt:percent 0.256 medium}")
KAYA_HARNESS: +60205ms Expect(Target { kind: Label, index: 7, id: None, keys: None }, "{fmt:currency 1234567.89:USD medium}")
KAYA_HARNESS: step-failed Target { kind: Label, index: 7, id: None, keys: None } reads "1234567.89USD", wanted "$1,234,567.89"
KAYA_HARNESS: +75214ms Expect(Target { kind: Label, index: 8, id: None, keys: None }, "one item")
KAYA_HARNESS: +75215ms Expect(Target { kind: Label, index: 9, id: None, keys: None }, "3 items")
KAYA_HARNESS: +75215ms Expect(Target { kind: Label, index: 10, id: None, keys: None }, "Hello, Ada")
KAYA_HARNESS: +75215ms ExpectDirection("ltr")
KAYA_HARNESS: +75215ms ExpectRootFills
KAYA_HARNESS: verb trace (0 records, 0 dropped) appended to /tmp/tmp.mnC04Zlddv/format-ocaml-x11.vtrace
KAYA_SELFTEST: FAILED (Target { kind: Label, index: 0, id: None, keys: None } reads "09/07/26", wanted "09/07/2026"; Target { kind: Label, index: 3, id: None, keys: None } reads "08:30", wanted "08:30 AM"; Target { kind: Label, index: 4, id: None, keys: None } reads "Sep 7, 2026 08:30:00", wanted "Sep 7, 2026 08:30:00 AM"; Target { kind: Label, index: 5, id: None, keys: None } reads "1234567.891", wanted "1,234,567.891"; Target { kind: Label, index: 7, id: None, keys: None } reads "1234567.89USD", wanted "$1,234,567.89")
flightrec: bundle /flightrec-state/kaya/flightrec/runs/20260923T234654Z-004307/bundles/linux-format-ocaml-x11 — 6 sections (5 ok, 0 skipped, 1 empty, 0 error), 12987 bytes (cap 33554432)
flightrec:   leg-log ok 4631
flightrec:   xvfb empty 0
flightrec:   verb-trace ok 2058
flightrec:   shot ok 332
flightrec:   desktop ok 220
flightrec:   focus ok 5455
format-ocaml-x11: FAIL (76s)
== format-haskell-x11 ==
KAYA_DIAG notification route: session bus yes, app id dev.kaya.aurora.notes, portal answers false, registered false, org.gtk.Notifications owned false -> None
KAYA_HARNESS: epoch 1790207538176

(format:54873): Gtk-WARNING **: 23:52:18.181: Trying to measure AdwApplicationWindow 0x1d1f5fa0 for height of 444, but it needs at least 520

(format:54873): Gtk-WARNING **: 23:52:18.186: Trying to measure AdwApplicationWindow 0x1d1f5fa0 for height of 444, but it needs at least 520

(format:54873): Gtk-WARNING **: 23:52:18.187: Trying to measure AdwApplicationWindow 0x1d1f5fa0 for height of 444, but it needs at least 520

(format:54873): Gtk-WARNING **: 23:52:18.188: Trying to measure AdwApplicationWindow 0x1d1f5fa0 for height of 444, but it needs at least 520

(format:54873): Gtk-WARNING **: 23:52:18.189: Trying to measure AdwApplicationWindow 0x1d1f5fa0 for height of 444, but it needs at least 520

(format:54873): Gtk-WARNING **: 23:52:18.515: Trying to measure AdwApplicationWindow 0x1d1f5fa0 for height of 444, but it needs at least 520

(format:54873): Gtk-WARNING **: 23:52:18.519: Trying to measure AdwApplicationWindow 0x1d1f5fa0 for height of 444, but it needs at least 520
KAYA_DIAG window_metrics default=540x560 allocated=530x550 mapped=true
KAYA_DIAG window_metrics default=540x560 allocated=530x550 mapped=true
dbus-daemon[54870]: Activating service name='org.a11y.atspi.Registry' requested by ':1.0' (uid=0 pid=54873 comm="/work/guests/haskell/dist-newstyle/build/aarch64-l")
KAYA_HARNESS: scene ready after 346ms
KAYA_HARNESS: +346ms Expect(Target { kind: Label, index: 0, id: None, keys: None }, "{fmt:date 2026-09-07 short}")
dbus-daemon[54870]: Successfully activated service 'org.a11y.atspi.Registry'
SpiRegistry daemon is running with well-known name - org.a11y.atspi.Registry
KAYA_HARNESS: step-failed Target { kind: Label, index: 0, id: None, keys: None } reads "09/07/26", wanted "09/07/2026"
KAYA_HARNESS: +15360ms Expect(Target { kind: Label, index: 1, id: None, keys: None }, "{fmt:date 2026-09-07 medium}")
KAYA_HARNESS: +15360ms Expect(Target { kind: Label, index: 2, id: None, keys: None }, "{fmt:date 2026-09-07 long}")
KAYA_HARNESS: +15360ms Expect(Target { kind: Label, index: 3, id: None, keys: None }, "{fmt:time 08:30 short}")
KAYA_HARNESS: step-failed Target { kind: Label, index: 3, id: None, keys: None } reads "08:30", wanted "08:30 AM"
KAYA_HARNESS: +30375ms Expect(Target { kind: Label, index: 4, id: None, keys: None }, "{fmt:date_time 2026-09-07T08:30 medium}")
KAYA_HARNESS: step-failed Target { kind: Label, index: 4, id: None, keys: None } reads "Sep 7, 2026 08:30:00", wanted "Sep 7, 2026 08:30:00 AM"
KAYA_HARNESS: +45378ms Expect(Target { kind: Label, index: 5, id: None, keys: None }, "{fmt:number 1234567.891 medium}")
KAYA_HARNESS: step-failed Target { kind: Label, index: 5, id: None, keys: None } reads "1234567.891", wanted "1,234,567.891"
KAYA_HARNESS: +60393ms Expect(Target { kind: Label, index: 6, id: None, keys: None }, "{fmt:percent 0.256 medium}")
KAYA_HARNESS: +60423ms Expect(Target { kind: Label, index: 7, id: None, keys: None }, "{fmt:currency 1234567.89:USD medium}")
KAYA_HARNESS: step-failed Target { kind: Label, index: 7, id: None, keys: None } reads "1234567.89USD", wanted "$1,234,567.89"
KAYA_HARNESS: +75518ms Expect(Target { kind: Label, index: 8, id: None, keys: None }, "one item")
KAYA_HARNESS: +75518ms Expect(Target { kind: Label, index: 9, id: None, keys: None }, "3 items")
KAYA_HARNESS: +75518ms Expect(Target { kind: Label, index: 10, id: None, keys: None }, "Hello, Ada")
KAYA_HARNESS: +75518ms ExpectDirection("ltr")
KAYA_HARNESS: +75518ms ExpectRootFills
KAYA_HARNESS: verb trace (0 records, 0 dropped) appended to /tmp/tmp.mnC04Zlddv/format-haskell-x11.vtrace
KAYA_SELFTEST: FAILED (Target { kind: Label, index: 0, id: None, keys: None } reads "09/07/26", wanted "09/07/2026"; Target { kind: Label, index: 3, id: None, keys: None } reads "08:30", wanted "08:30 AM"; Target { kind: Label, index: 4, id: None, keys: None } reads "Sep 7, 2026 08:30:00", wanted "Sep 7, 2026 08:30:00 AM"; Target { kind: Label, index: 5, id: None, keys: None } reads "1234567.891", wanted "1,234,567.891"; Target { kind: Label, index: 7, id: None, keys: None } reads "1234567.89USD", wanted "$1,234,567.89")
run-suites: Xvfb :102 never made a socket
_XSERVTransSocketUNIXCreateListener: ...SocketCreateListener() failed
_XSERVTransMakeAllCOTSServerListeners: server already running
(EE) 
Fatal server error:
(EE) Cannot establish any listening sockets - Make sure an X server isn't already running(EE) 
flightrec: bundle /flightrec-state/kaya/flightrec/runs/20260923T234654Z-004307/bundles/linux-format-haskell-x11 — 6 sections (5 ok, 0 skipped, 1 empty, 0 error), 13333 bytes (cap 33554432)
flightrec:   leg-log ok 4578
flightrec:   xvfb empty 0
flightrec:   verb-trace ok 2058
flightrec:   shot ok 332
flightrec:   desktop ok 220
flightrec:   focus ok 5854
format-haskell-x11: FAIL (82s)
== format-java-x11 ==
format-java-x11: PASS (1s)
== formatde-python-x11 ==
formatde-python-x11: PASS (1s)
== formatde-js-x11 ==
formatde-js-x11: PASS (2s)
== formatde-go-x11 ==
formatde-go-x11: PASS (2s)
== formatde-csharp-x11 ==
formatde-csharp-x11: PASS (1s)
== formatde-ocaml-x11 ==
formatde-ocaml-x11: PASS (1s)
== formatde-haskell-x11 ==
formatde-haskell-x11: PASS (1s)
== formatde-java-x11 ==
formatde-java-x11: PASS (1s)
== formatar-python-x11 ==
formatar-python-x11: PASS (1s)
== formatar-js-x11 ==
formatar-js-x11: PASS (1s)
== formatar-go-x11 ==
formatar-go-x11: PASS (1s)
== formatar-csharp-x11 ==
formatar-csharp-x11: PASS (1s)
== formatar-ocaml-x11 ==
formatar-ocaml-x11: PASS (2s)
== formatar-haskell-x11 ==
formatar-haskell-x11: PASS (1s)
== formatar-java-x11 ==
formatar-java-x11: PASS (1s)
== sheet-python-x11 ==
sheet-python-x11: PASS (1s)
== sheet-js-x11 ==
sheet-js-x11: PASS (1s)
== sheet-go-x11 ==
sheet-go-x11: PASS (2s)
== sheet-csharp-x11 ==
sheet-csharp-x11: PASS (2s)
== sheet-ocaml-x11 ==
sheet-ocaml-x11: PASS (1s)
== sheet-haskell-x11 ==
sheet-haskell-x11: PASS (1s)
== sheet-java-x11 ==
sheet-java-x11: PASS (2s)
== tooltips-rust-x11 ==
tooltips-rust-x11: PASS (2s)
== search-rust-x11 ==
search-rust-x11: PASS (1s)
== search-python-x11 ==
search-python-x11: PASS (1s)
== search-js-x11 ==
search-js-x11: PASS (2s)
== search-go-x11 ==
search-go-x11: PASS (2s)
== search-csharp-x11 ==
search-csharp-x11: PASS (2s)
== search-ocaml-x11 ==
search-ocaml-x11: PASS (2s)
== search-haskell-x11 ==
search-haskell-x11: PASS (2s)
== search-java-x11 ==
search-java-x11: PASS (2s)
== scroll-rust-x11 ==
scroll-rust-x11: PASS (1s)
== scroll-python-x11 ==
scroll-python-x11: PASS (1s)
== scroll-js-x11 ==
scroll-js-x11: PASS (1s)
== scroll-go-x11 ==
scroll-go-x11: PASS (1s)
== scroll-csharp-x11 ==
scroll-csharp-x11: PASS (1s)
== scroll-ocaml-x11 ==
scroll-ocaml-x11: PASS (1s)
== scroll-haskell-x11 ==
scroll-haskell-x11: PASS (1s)
== scroll-java-x11 ==
scroll-java-x11: PASS (1s)
== a11y-rust-x11 ==
a11y-rust-x11: PASS (5s)
== a11y-c-x11 ==
a11y-c-x11: PASS (4s)
== a11y-python-x11 ==
a11y-python-x11: PASS (4s)
== a11y-js-x11 ==
a11y-js-x11: PASS (4s)
== a11y-go-x11 ==
a11y-go-x11: PASS (6s)
== a11y-csharp-x11 ==
a11y-csharp-x11: PASS (6s)
== a11y-ocaml-x11 ==
a11y-ocaml-x11: PASS (6s)
== a11y-haskell-x11 ==
a11y-haskell-x11: PASS (6s)
== a11y-java-x11 ==
a11y-java-x11: PASS (6s)
== progress-rust-x11 ==
progress-rust-x11: PASS (2s)
== progress-python-x11 ==
progress-python-x11: PASS (1s)
== progress-js-x11 ==
progress-js-x11: PASS (1s)
== progress-go-x11 ==
progress-go-x11: PASS (1s)
== progress-csharp-x11 ==
progress-csharp-x11: PASS (1s)
== progress-ocaml-x11 ==
progress-ocaml-x11: PASS (1s)
== progress-haskell-x11 ==
progress-haskell-x11: PASS (1s)
== progress-java-x11 ==
progress-java-x11: PASS (1s)
== select-rust-x11 ==
KAYA_DIAG notification route: session bus no, app id dev.kaya.aurora.notes, portal answers false, registered false, org.gtk.Notifications owned false -> None

(select:64547): Gtk-WARNING **: 23:53:40.778: Failed to open display
flightrec: bundle /flightrec-state/kaya/flightrec/runs/20260923T234654Z-004307/bundles/linux-select-rust-x11 — 6 sections (3 ok, 2 skipped, 1 empty, 0 error), 6748 bytes (cap 33554432)
flightrec:   leg-log ok 228
flightrec:   xvfb empty 0
flightrec:   verb-trace skip 0 — flightrec: the guest wrote no verb trace (/tmp/tmp.mnC04Zlddv/select-rust-x11.vtrace). The ring is dumped by the harness on a FAILED verdict and by the step watchdog, so a leg killed before either — the 180s timeout, a crash, a GTK abort — leaves none 
flightrec:   shot skip 0 — flightrec: no picture of this leg's display — the leg ran in serial mode (which keeps no per-leg state), or the session's screenshooter (import on x11, grim on wayland) failed; the desktop section beside this file is the window tree that was there 
flightrec:   desktop ok 47
flightrec:   focus ok 5881
select-rust-x11: FAIL (0s)
== select-python-x11 ==
select-python-x11: PASS (1s)
== select-js-x11 ==
select-js-x11: PASS (2s)
== select-go-x11 ==
KAYA_DIAG notification route: session bus no, app id dev.kaya.aurora.notes, portal answers false, registered false, org.gtk.Notifications owned false -> None

(kaya-go:64605): Gtk-WARNING **: 23:53:40.766: Failed to open display
flightrec: bundle /flightrec-state/kaya/flightrec/runs/20260923T234654Z-004307/bundles/linux-select-go-x11 — 6 sections (3 ok, 2 skipped, 1 empty, 0 error), 6775 bytes (cap 33554432)
flightrec:   leg-log ok 229
flightrec:   xvfb empty 0
flightrec:   verb-trace skip 0 — flightrec: the guest wrote no verb trace (/tmp/tmp.mnC04Zlddv/select-go-x11.vtrace). The ring is dumped by the harness on a FAILED verdict and by the step watchdog, so a leg killed before either — the 180s timeout, a crash, a GTK abort — leaves none 
flightrec:   shot skip 0 — flightrec: no picture of this leg's display — the leg ran in serial mode (which keeps no per-leg state), or the session's screenshooter (import on x11, grim on wayland) failed; the desktop section beside this file is the window tree that was there 
flightrec:   desktop ok 47
flightrec:   focus ok 5909
select-go-x11: FAIL (0s)
== select-csharp-x11 ==
select-csharp-x11: PASS (1s)
== select-ocaml-x11 ==
select-ocaml-x11: PASS (1s)
== select-haskell-x11 ==
select-haskell-x11: PASS (1s)
== select-java-x11 ==
select-java-x11: PASS (1s)
== radio-rust-x11 ==
radio-rust-x11: PASS (1s)
== radio-python-x11 ==
radio-python-x11: PASS (1s)
== radio-js-x11 ==
radio-js-x11: PASS (2s)
== radio-go-x11 ==
radio-go-x11: PASS (1s)
== radio-csharp-x11 ==
radio-csharp-x11: PASS (1s)
== radio-ocaml-x11 ==
radio-ocaml-x11: PASS (1s)
== radio-haskell-x11 ==
radio-haskell-x11: PASS (1s)
== radio-java-x11 ==
radio-java-x11: PASS (1s)
== grid-rust-x11 ==
grid-rust-x11: PASS (1s)
== grid-python-x11 ==
grid-python-x11: PASS (1s)
== grid-js-x11 ==
grid-js-x11: PASS (1s)
== grid-go-x11 ==
grid-go-x11: PASS (1s)
== grid-csharp-x11 ==
grid-csharp-x11: PASS (1s)
== grid-ocaml-x11 ==
grid-ocaml-x11: PASS (1s)
== grid-haskell-x11 ==
grid-haskell-x11: PASS (1s)
== grid-java-x11 ==
grid-java-x11: PASS (1s)
== textarea-rust-x11 ==
textarea-rust-x11: PASS (1s)
== textarea-python-x11 ==
textarea-python-x11: PASS (1s)
== textarea-js-x11 ==
textarea-js-x11: PASS (1s)
== textarea-go-x11 ==
textarea-go-x11: PASS (1s)
== textarea-csharp-x11 ==
textarea-csharp-x11: PASS (1s)
== textarea-ocaml-x11 ==
textarea-ocaml-x11: PASS (1s)
== textarea-haskell-x11 ==
textarea-haskell-x11: PASS (1s)
== textarea-java-x11 ==
textarea-java-x11: PASS (1s)
== sections-rust-x11 ==
sections-rust-x11: PASS (2s)
== sections-python-x11 ==
sections-python-x11: PASS (2s)
== sections-js-x11 ==
sections-js-x11: PASS (2s)
== sections-go-x11 ==
sections-go-x11: PASS (2s)
== sections-csharp-x11 ==
sections-csharp-x11: PASS (2s)
== sections-ocaml-x11 ==
sections-ocaml-x11: PASS (2s)
== sections-haskell-x11 ==
sections-haskell-x11: PASS (2s)
== sections-java-x11 ==
sections-java-x11: PASS (2s)
== menus-rust-x11 ==
menus-rust-x11: PASS (2s)
== menus-c-x11 ==
menus-c-x11: PASS (2s)
== menus-python-x11 ==
menus-python-x11: PASS (2s)
== menus-js-x11 ==
menus-js-x11: PASS (2s)
== menus-go-x11 ==
menus-go-x11: PASS (2s)
== menus-csharp-x11 ==
menus-csharp-x11: PASS (2s)
== menus-ocaml-x11 ==
menus-ocaml-x11: PASS (2s)
== menus-haskell-x11 ==
menus-haskell-x11: PASS (3s)
== menus-java-x11 ==
menus-java-x11: PASS (2s)
== commands-rust-x11 ==
commands-rust-x11: PASS (1s)
== commands-c-x11 ==
commands-c-x11: PASS (1s)
== commands-python-x11 ==
commands-python-x11: PASS (1s)
== commands-js-x11 ==
commands-js-x11: PASS (1s)
== commands-go-x11 ==
commands-go-x11: PASS (1s)
== commands-csharp-x11 ==
commands-csharp-x11: PASS (1s)
== commands-ocaml-x11 ==
commands-ocaml-x11: PASS (1s)
== commands-haskell-x11 ==
commands-haskell-x11: PASS (2s)
== commands-java-x11 ==
commands-java-x11: PASS (2s)
== layout-rust-x11 ==
layout-rust-x11: PASS (1s)
== layout-python-x11 ==
layout-python-x11: PASS (2s)
== layout-js-x11 ==
layout-js-x11: PASS (1s)
== layout-go-x11 ==
layout-go-x11: PASS (1s)
== layout-csharp-x11 ==
layout-csharp-x11: PASS (1s)
== layout-ocaml-x11 ==
layout-ocaml-x11: PASS (1s)
== layout-haskell-x11 ==
layout-haskell-x11: PASS (1s)
== layout-java-x11 ==
layout-java-x11: PASS (1s)
== clipboard-rust-x11 ==
clipboard-rust-x11: PASS (2s)
== clipboard-python-x11 ==
clipboard-python-x11: PASS (2s)
== clipboard-js-x11 ==
clipboard-js-x11: PASS (3s)
== clipboard-go-x11 ==
clipboard-go-x11: PASS (2s)
== clipboard-csharp-x11 ==
clipboard-csharp-x11: PASS (2s)
== clipboard-ocaml-x11 ==
clipboard-ocaml-x11: PASS (2s)
== clipboard-haskell-x11 ==
clipboard-haskell-x11: PASS (3s)
== clipboard-java-x11 ==
clipboard-java-x11: PASS (3s)
== undo-rust-x11 ==
undo-rust-x11: PASS (4s)
== ranges-rust-x11 ==
ranges-rust-x11: PASS (6s)
== ranges-c-x11 ==
ranges-c-x11: PASS (5s)
== ranges-python-x11 ==
ranges-python-x11: PASS (5s)
== ranges-js-x11 ==
ranges-js-x11: PASS (6s)
== ranges-go-x11 ==
ranges-go-x11: PASS (4s)
== ranges-csharp-x11 ==
ranges-csharp-x11: PASS (5s)
== ranges-ocaml-x11 ==
ranges-ocaml-x11: PASS (5s)
== ranges-haskell-x11 ==
ranges-haskell-x11: PASS (4s)
== ranges-java-x11 ==
ranges-java-x11: PASS (4s)
== richtext-rust-x11 ==
richtext-rust-x11: PASS (3s)
== richrows-rust-x11 ==
richrows-rust-x11: PASS (1s)
== ownundo-rust-x11 ==
ownundo-rust-x11: PASS (2s)
== richlabel-rust-x11 ==
richlabel-rust-x11: PASS (1s)
== notes-rust-x11 ==
notes-rust-x11: PASS (2s)
== editor-go-x11 ==
editor-go-x11: PASS (10s)
== portfolio-python-x11 ==
portfolio-python-x11: PASS (8s)
== varied-python-x11 ==
varied-python-x11: PASS (1s)
exclusive: linux waits to admit todos-java-wayland — lane=ios leg=save-swiftui pid=44260 scope=host host=Akhils-MBP.localdomain start=1790207674 holds
exclusive: linux waited 20.0s to admit todos-java-wayland
exclusive: linux waits to admit a11yrows-haskell-wayland — lane=windows leg=dnd_rust pid=44259 scope=host host=Akhils-MBP.localdomain start=1790207708 holds
exclusive: linux waited 33.0s to admit a11yrows-haskell-wayland
exclusive: linux waits to admit styling-ocaml-wayland — lane=windows leg=dnd_python pid=44259 scope=host host=Akhils-MBP.localdomain start=1790207742 holds
exclusive: linux waited 32.0s to admit styling-ocaml-wayland
exclusive: linux waits to admit typeface-csharp-wayland — lane=windows leg=dnd_js pid=44259 scope=host host=Akhils-MBP.localdomain start=1790207776 holds
exclusive: linux waited 32.0s to admit typeface-csharp-wayland
exclusive: linux waits to admit assets-csharp-wayland — lane=windows leg=dnd_go pid=44259 scope=host host=Akhils-MBP.localdomain start=1790207811 holds
exclusive: linux waited 35.0s to admit assets-csharp-wayland
exclusive: linux waits to admit identity-witness-rust-wayland — lane=windows leg=dnd_csharp pid=44259 scope=host host=Akhils-MBP.localdomain start=1790207847 holds
exclusive: linux waited 32.0s to admit identity-witness-rust-wayland
exclusive: linux waits to admit stall-java-wayland — lane=windows leg=dnd_java pid=44259 scope=host host=Akhils-MBP.localdomain start=1790207882 holds
exclusive: linux waited 29.0s to admit stall-java-wayland
exclusive: linux waits to admit confirm-java-wayland — lane=windows leg=dndwitness_rust pid=44259 scope=host host=Akhils-MBP.localdomain start=1790207917 holds
exclusive: linux waited 61.0s to admit confirm-java-wayland
exclusive: linux holds for dndwitness-out-wayland
exclusive: linux released after dndwitness-out-wayland (4.0s held)
exclusive: linux holds for dndwitness-in-wayland
exclusive: linux released after dndwitness-in-wayland (4.0s held)
exclusive: linux holds for clipboard-rust-wayland
exclusive: linux released after clipboard-rust-wayland (4.0s held)
exclusive: linux holds for clipboard-python-wayland
exclusive: linux released after clipboard-python-wayland (3.0s held)
exclusive: linux holds for clipboard-js-wayland
exclusive: linux released after clipboard-js-wayland (3.0s held)
== rust-wayland ==
rust-wayland: PASS (1s)
== c-wayland ==
c-wayland: PASS (1s)
== python-wayland ==
python-wayland: PASS (1s)
== js-wayland ==
js-wayland: PASS (1s)
== go-wayland ==
go-wayland: PASS (1s)
== csharp-wayland ==
csharp-wayland: PASS (1s)
== ocaml-wayland ==
ocaml-wayland: PASS (1s)
== haskell-wayland ==
haskell-wayland: PASS (1s)
== java-wayland ==
java-wayland: PASS (1s)
== entry-rust-wayland ==
entry-rust-wayland: PASS (2s)
== entry-c-wayland ==
entry-c-wayland: PASS (2s)
== entry-python-wayland ==
entry-python-wayland: PASS (2s)
== entry-js-wayland ==
entry-js-wayland: PASS (2s)
== entry-go-wayland ==
entry-go-wayland: PASS (2s)
== entry-csharp-wayland ==
entry-csharp-wayland: PASS (2s)
== entry-ocaml-wayland ==
entry-ocaml-wayland: PASS (2s)
== entry-haskell-wayland ==
entry-haskell-wayland: PASS (2s)
== entry-java-wayland ==
entry-java-wayland: PASS (1s)
== gallery-rust-wayland ==
gallery-rust-wayland: PASS (2s)
== gallery-c-wayland ==
gallery-c-wayland: PASS (2s)
== gallery-python-wayland ==
gallery-python-wayland: PASS (2s)
== gallery-js-wayland ==
gallery-js-wayland: PASS (2s)
== gallery-go-wayland ==
gallery-go-wayland: PASS (2s)
== gallery-csharp-wayland ==
gallery-csharp-wayland: PASS (2s)
== gallery-ocaml-wayland ==
gallery-ocaml-wayland: PASS (2s)
== gallery-haskell-wayland ==
gallery-haskell-wayland: PASS (2s)
== gallery-java-wayland ==
gallery-java-wayland: PASS (1s)
== todos-rust-wayland ==
todos-rust-wayland: PASS (2s)
== todos-c-wayland ==
todos-c-wayland: PASS (2s)
== todos-python-wayland ==
todos-python-wayland: PASS (2s)
== todos-js-wayland ==
todos-js-wayland: PASS (2s)
== todos-go-wayland ==
todos-go-wayland: PASS (2s)
== todos-csharp-wayland ==
todos-csharp-wayland: PASS (2s)
== todos-ocaml-wayland ==
todos-ocaml-wayland: PASS (2s)
== todos-haskell-wayland ==
todos-haskell-wayland: PASS (3s)
== todos-java-wayland ==
todos-java-wayland: PASS (3s)
== reorder-rust-wayland ==
reorder-rust-wayland: PASS (2s)
== reorder-c-wayland ==
reorder-c-wayland: PASS (2s)
== reorder-python-wayland ==
reorder-python-wayland: PASS (2s)
== reorder-js-wayland ==
reorder-js-wayland: PASS (2s)
== reorder-go-wayland ==
reorder-go-wayland: PASS (2s)
== reorder-csharp-wayland ==
reorder-csharp-wayland: PASS (2s)
== reorder-ocaml-wayland ==
reorder-ocaml-wayland: PASS (2s)
== reorder-haskell-wayland ==
reorder-haskell-wayland: PASS (1s)
== reorder-java-wayland ==
reorder-java-wayland: PASS (1s)
== feed-rust-wayland ==
feed-rust-wayland: PASS (1s)
== feed-c-wayland ==
feed-c-wayland: PASS (1s)
== feed-python-wayland ==
feed-python-wayland: PASS (1s)
== feed-js-wayland ==
feed-js-wayland: PASS (1s)
== feed-go-wayland ==
feed-go-wayland: PASS (1s)
== feed-csharp-wayland ==
feed-csharp-wayland: PASS (1s)
== feed-ocaml-wayland ==
feed-ocaml-wayland: PASS (1s)
== feed-haskell-wayland ==
feed-haskell-wayland: PASS (2s)
== feed-java-wayland ==
feed-java-wayland: PASS (2s)
== grow-rust-wayland ==
grow-rust-wayland: PASS (2s)
== grow-python-wayland ==
grow-python-wayland: PASS (3s)
== grow-js-wayland ==
grow-js-wayland: PASS (2s)
== grow-go-wayland ==
grow-go-wayland: PASS (1s)
== grow-csharp-wayland ==
grow-csharp-wayland: PASS (2s)
== grow-ocaml-wayland ==
grow-ocaml-wayland: PASS (1s)
== grow-haskell-wayland ==
grow-haskell-wayland: PASS (1s)
== grow-java-wayland ==
grow-java-wayland: PASS (1s)
== align-rust-wayland ==
align-rust-wayland: PASS (1s)
== align-python-wayland ==
align-python-wayland: PASS (1s)
== align-js-wayland ==
align-js-wayland: PASS (2s)
== align-go-wayland ==
align-go-wayland: PASS (1s)
== align-csharp-wayland ==
align-csharp-wayland: PASS (1s)
== align-ocaml-wayland ==
align-ocaml-wayland: PASS (1s)
== align-haskell-wayland ==
align-haskell-wayland: PASS (2s)
== align-java-wayland ==
align-java-wayland: PASS (3s)
== window-rust-wayland ==
window-rust-wayland: PASS (2s)
== window-python-wayland ==
window-python-wayland: PASS (2s)
== window-js-wayland ==
window-js-wayland: PASS (2s)
== window-go-wayland ==
window-go-wayland: PASS (2s)
== window-csharp-wayland ==
window-csharp-wayland: PASS (1s)
== window-ocaml-wayland ==
window-ocaml-wayland: PASS (1s)
== window-haskell-wayland ==
window-haskell-wayland: PASS (2s)
== window-java-wayland ==
window-java-wayland: PASS (3s)
== panels-rust-wayland ==
panels-rust-wayland: PASS (3s)
== panels-python-wayland ==
panels-python-wayland: PASS (2s)
== panels-js-wayland ==
panels-js-wayland: PASS (2s)
== panels-go-wayland ==
panels-go-wayland: PASS (2s)
== panels-csharp-wayland ==
panels-csharp-wayland: PASS (1s)
== panels-ocaml-wayland ==
panels-ocaml-wayland: PASS (1s)
== panels-haskell-wayland ==
panels-haskell-wayland: PASS (1s)
== panels-java-wayland ==
panels-java-wayland: PASS (1s)
== dirty-rust-wayland ==
dirty-rust-wayland: PASS (2s)
== dirty-python-wayland ==
dirty-python-wayland: PASS (2s)
== dirty-js-wayland ==
dirty-js-wayland: PASS (3s)
== dirty-go-wayland ==
dirty-go-wayland: PASS (3s)
== dirty-csharp-wayland ==
dirty-csharp-wayland: PASS (3s)
== dirty-ocaml-wayland ==
dirty-ocaml-wayland: PASS (2s)
== dirty-haskell-wayland ==
dirty-haskell-wayland: PASS (3s)
== dirty-java-wayland ==
dirty-java-wayland: PASS (2s)
== dirty-c-wayland ==
dirty-c-wayland: PASS (3s)
== a11yrows-rust-wayland ==
a11yrows-rust-wayland: PASS (2s)
== a11yrows-python-wayland ==
a11yrows-python-wayland: PASS (2s)
== a11yrows-js-wayland ==
a11yrows-js-wayland: PASS (1s)
== a11yrows-go-wayland ==
a11yrows-go-wayland: PASS (1s)
== a11yrows-csharp-wayland ==
a11yrows-csharp-wayland: PASS (1s)
== a11yrows-ocaml-wayland ==
a11yrows-ocaml-wayland: PASS (1s)
== a11yrows-haskell-wayland ==
a11yrows-haskell-wayland: PASS (2s)
== a11yrows-java-wayland ==
a11yrows-java-wayland: PASS (2s)
== a11yrows-c-wayland ==
a11yrows-c-wayland: PASS (2s)
== styling-rust-wayland ==
styling-rust-wayland: PASS (2s)
== styling-python-wayland ==
styling-python-wayland: PASS (2s)
== styling-js-wayland ==
styling-js-wayland: PASS (2s)
== styling-go-wayland ==
styling-go-wayland: PASS (2s)
== styling-csharp-wayland ==
styling-csharp-wayland: PASS (2s)
== styling-ocaml-wayland ==
styling-ocaml-wayland: PASS (2s)
== styling-haskell-wayland ==
styling-haskell-wayland: PASS (2s)
== styling-java-wayland ==
styling-java-wayland: PASS (2s)
== styling-c-wayland ==
styling-c-wayland: PASS (2s)
== typeface-rust-wayland ==
typeface-rust-wayland: PASS (2s)
== typeface-python-wayland ==
typeface-python-wayland: PASS (2s)
== typeface-js-wayland ==
typeface-js-wayland: PASS (2s)
== typeface-go-wayland ==
typeface-go-wayland: PASS (2s)
== typeface-csharp-wayland ==
typeface-csharp-wayland: PASS (2s)
== typeface-ocaml-wayland ==
typeface-ocaml-wayland: PASS (2s)
== typeface-haskell-wayland ==
typeface-haskell-wayland: PASS (3s)
== typeface-java-wayland ==
typeface-java-wayland: PASS (3s)
== assets-rust-wayland ==
assets-rust-wayland: PASS (2s)
== assets-python-wayland ==
assets-python-wayland: PASS (2s)
== assets-js-wayland ==
assets-js-wayland: PASS (2s)
== assets-go-wayland ==
assets-go-wayland: PASS (2s)
== assets-csharp-wayland ==
assets-csharp-wayland: PASS (1s)
== assets-ocaml-wayland ==
assets-ocaml-wayland: PASS (1s)
== assets-haskell-wayland ==
assets-haskell-wayland: PASS (1s)
== assets-java-wayland ==
assets-java-wayland: PASS (1s)
== assets-c-wayland ==
assets-c-wayland: PASS (1s)
== toolbar-rust-wayland ==
toolbar-rust-wayland: PASS (2s)
== toolbar-python-wayland ==
toolbar-python-wayland: PASS (2s)
== toolbar-js-wayland ==
toolbar-js-wayland: PASS (2s)
== toolbar-go-wayland ==
toolbar-go-wayland: PASS (2s)
== toolbar-csharp-wayland ==
toolbar-csharp-wayland: PASS (2s)
== toolbar-ocaml-wayland ==
toolbar-ocaml-wayland: PASS (2s)
== toolbar-haskell-wayland ==
toolbar-haskell-wayland: PASS (2s)
== toolbar-java-wayland ==
toolbar-java-wayland: PASS (2s)
== identity-witness-rust-wayland ==
identity-witness-rust-wayland: PASS (32s)
== stall-rust-wayland ==
stall-rust-wayland: PASS (6s)
== stall-python-wayland ==
stall-python-wayland: PASS (6s)
== stall-js-wayland ==
stall-js-wayland: PASS (6s)
== stall-go-wayland ==
stall-go-wayland: PASS (6s)
== stall-csharp-wayland ==
stall-csharp-wayland: PASS (6s)
== stall-ocaml-wayland ==
stall-ocaml-wayland: PASS (6s)
== stall-haskell-wayland ==
stall-haskell-wayland: PASS (5s)
== stall-java-wayland ==
stall-java-wayland: PASS (6s)
== confirm-rust-wayland ==
confirm-rust-wayland: PASS (3s)
== confirm-python-wayland ==
confirm-python-wayland: PASS (4s)
== confirm-js-wayland ==
confirm-js-wayland: PASS (4s)
== confirm-go-wayland ==
confirm-go-wayland: PASS (4s)
== confirm-csharp-wayland ==
confirm-csharp-wayland: PASS (4s)
== confirm-ocaml-wayland ==
confirm-ocaml-wayland: PASS (4s)
== confirm-haskell-wayland ==
confirm-haskell-wayland: PASS (4s)
== confirm-java-wayland ==
confirm-java-wayland: PASS (4s)
== nav-rust-wayland ==
nav-rust-wayland: PASS (2s)
== background-rust-wayland ==
background-rust-wayland: PASS (2s)
== filedialog-rust-wayland ==
filedialog-rust-wayland: PASS (8s)
== filedialog-python-wayland ==
filedialog-python-wayland: PASS (8s)
== filedialog-js-wayland ==
filedialog-js-wayland: PASS (8s)
== filedialog-go-wayland ==
filedialog-go-wayland: PASS (8s)
== filedialog-csharp-wayland ==
filedialog-csharp-wayland: PASS (7s)
== filedialog-ocaml-wayland ==
filedialog-ocaml-wayland: PASS (7s)
== filedialog-haskell-wayland ==
filedialog-haskell-wayland: PASS (7s)
== filedialog-java-wayland ==
filedialog-java-wayland: PASS (6s)
== save-rust-wayland ==
save-rust-wayland: PASS (12s)
== save-c-wayland ==
save-c-wayland: PASS (11s)
== save-java-wayland ==
save-java-wayland: PASS (10s)
== background-python-wayland ==
background-python-wayland: PASS (1s)
== background-js-wayland ==
background-js-wayland: PASS (1s)
== background-go-wayland ==
background-go-wayland: PASS (1s)
== background-csharp-wayland ==
background-csharp-wayland: PASS (1s)
== background-ocaml-wayland ==
background-ocaml-wayland: PASS (1s)
== background-haskell-wayland ==
background-haskell-wayland: PASS (1s)
== background-java-wayland ==
background-java-wayland: PASS (2s)
== background-c-wayland ==
background-c-wayland: PASS (2s)
== split-rust-wayland ==
split-rust-wayland: PASS (3s)
== split-python-wayland ==
split-python-wayland: PASS (4s)
== split-js-wayland ==
split-js-wayland: PASS (3s)
== split-go-wayland ==
split-go-wayland: PASS (2s)
== split-csharp-wayland ==
split-csharp-wayland: PASS (4s)
== split-ocaml-wayland ==
split-ocaml-wayland: PASS (3s)
== split-haskell-wayland ==
split-haskell-wayland: PASS (2s)
== split-java-wayland ==
split-java-wayland: PASS (2s)
== panes-rust-wayland ==
panes-rust-wayland: PASS (3s)
== panes-python-wayland ==
panes-python-wayland: PASS (3s)
== panes-js-wayland ==
panes-js-wayland: PASS (3s)
== panes-go-wayland ==
panes-go-wayland: PASS (4s)
== panes-csharp-wayland ==
panes-csharp-wayland: PASS (4s)
== panes-ocaml-wayland ==
panes-ocaml-wayland: PASS (3s)
== panes-haskell-wayland ==
panes-haskell-wayland: PASS (4s)
== panes-java-wayland ==
panes-java-wayland: PASS (4s)
== listdetail-rust-wayland ==
listdetail-rust-wayland: PASS (1s)
== listdetail-python-wayland ==
listdetail-python-wayland: PASS (1s)
== listdetail-js-wayland ==
listdetail-js-wayland: PASS (1s)
== listdetail-go-wayland ==
listdetail-go-wayland: PASS (2s)
== listdetail-csharp-wayland ==
listdetail-csharp-wayland: PASS (2s)
== listdetail-ocaml-wayland ==
listdetail-ocaml-wayland: PASS (3s)
== listdetail-haskell-wayland ==
listdetail-haskell-wayland: PASS (1s)
== listdetail-java-wayland ==
listdetail-java-wayland: PASS (1s)
== nav-python-wayland ==
nav-python-wayland: PASS (1s)
== nav-js-wayland ==
nav-js-wayland: PASS (1s)
== nav-go-wayland ==
nav-go-wayland: PASS (1s)
== nav-csharp-wayland ==
nav-csharp-wayland: PASS (1s)
== nav-ocaml-wayland ==
nav-ocaml-wayland: PASS (1s)
== nav-haskell-wayland ==
nav-haskell-wayland: PASS (1s)
== nav-java-wayland ==
nav-java-wayland: PASS (1s)
== table-rust-wayland ==
table-rust-wayland: PASS (1s)
== table-python-wayland ==
table-python-wayland: PASS (1s)
== table-js-wayland ==
table-js-wayland: PASS (1s)
== table-go-wayland ==
table-go-wayland: PASS (1s)
== table-csharp-wayland ==
table-csharp-wayland: PASS (1s)
== table-ocaml-wayland ==
table-ocaml-wayland: PASS (1s)
== table-haskell-wayland ==
table-haskell-wayland: PASS (2s)
== table-java-wayland ==
table-java-wayland: PASS (2s)
== windowed-rust-wayland ==
windowed-rust-wayland: PASS (2s)
== tasks-rust-wayland ==
tasks-rust-wayland: PASS (22s)
== tasksrtl-rust-wayland ==
tasksrtl-rust-wayland: PASS (9s)
== taskspersist-rust-wayland ==
taskspersist-rust-wayland: PASS (10s)
== links-rust-wayland ==
links-rust-wayland: PASS (9s)
== notify-rust-wayland ==
notify-rust-wayland: PASS (6s)
== notifygnome-rust-wayland ==
notifygnome-rust-wayland: PASS (5s)
== notifyrefusal-rust-wayland ==
notifyrefusal-rust-wayland: PASS (1s)
== adaptive-rust-wayland ==
adaptive-rust-wayland: PASS (1s)
== adaptive-python-wayland ==
adaptive-python-wayland: PASS (1s)
== adaptive-js-wayland ==
adaptive-js-wayland: PASS (2s)
== adaptive-go-wayland ==
adaptive-go-wayland: PASS (2s)
== adaptive-csharp-wayland ==
adaptive-csharp-wayland: PASS (1s)
== adaptive-ocaml-wayland ==
adaptive-ocaml-wayland: PASS (1s)
== adaptive-haskell-wayland ==
adaptive-haskell-wayland: PASS (2s)
== adaptive-java-wayland ==
adaptive-java-wayland: PASS (1s)
== canvas-rust-wayland ==
canvas-rust-wayland: PASS (1s)
== canvasdark-rust-wayland ==
canvasdark-rust-wayland: PASS (1s)
== sizepolicy-rust-wayland ==
sizepolicy-rust-wayland: PASS (2s)
== dnd-rust-wayland ==
dnd-rust-wayland: PASS (15s)
== dnd-python-wayland ==
dnd-python-wayland: PASS (15s)
== dnd-js-wayland ==
dnd-js-wayland: PASS (16s)
== dnd-go-wayland ==
dnd-go-wayland: PASS (15s)
== dnd-csharp-wayland ==
dnd-csharp-wayland: PASS (15s)
== dnd-ocaml-wayland ==
dnd-ocaml-wayland: PASS (15s)
== dnd-haskell-wayland ==
dnd-haskell-wayland: PASS (15s)
== dnd-java-wayland ==
dnd-java-wayland: PASS (14s)
== dndwitness-out-wayland ==
dndwitness-out-wayland: PASS (4s)
== dndwitness-in-wayland ==
dndwitness-in-wayland: PASS (4s)
== pickers-rust-wayland ==
pickers-rust-wayland: PASS (3s)
== pickers-python-wayland ==
pickers-python-wayland: PASS (3s)
== pickers-js-wayland ==
pickers-js-wayland: PASS (3s)
== pickers-go-wayland ==
pickers-go-wayland: PASS (3s)
== pickers-csharp-wayland ==
pickers-csharp-wayland: PASS (3s)
== pickers-ocaml-wayland ==
pickers-ocaml-wayland: PASS (3s)
== pickers-haskell-wayland ==
pickers-haskell-wayland: PASS (2s)
== pickers-java-wayland ==
pickers-java-wayland: PASS (2s)
== sliders-rust-wayland ==
sliders-rust-wayland: PASS (2s)
== sliders-python-wayland ==
sliders-python-wayland: PASS (2s)
== sliders-js-wayland ==
sliders-js-wayland: PASS (2s)
== sliders-go-wayland ==
sliders-go-wayland: PASS (2s)
== sliders-csharp-wayland ==
sliders-csharp-wayland: PASS (2s)
== sliders-ocaml-wayland ==
sliders-ocaml-wayland: PASS (2s)
== sliders-haskell-wayland ==
sliders-haskell-wayland: PASS (2s)
== sliders-java-wayland ==
sliders-java-wayland: PASS (2s)
== sheet-rust-wayland ==
sheet-rust-wayland: PASS (2s)
== format-rust-wayland ==
format-rust-wayland: PASS (1s)
== formatde-rust-wayland ==
formatde-rust-wayland: PASS (1s)
== formatar-rust-wayland ==
formatar-rust-wayland: PASS (1s)
== format-python-wayland ==
KAYA_DIAG notification route: session bus yes, app id dev.kaya.aurora.notes, portal answers false, registered false, org.gtk.Notifications owned false -> None
KAYA_HARNESS: epoch 1790208052398

(python3:123250): Gtk-WARNING **: 00:00:52.403: Trying to measure AdwApplicationWindow 0x3e296910 for height of 434, but it needs at least 510
KAYA_DIAG window_metrics default=540x560 allocated=540x560 mapped=true
dbus-daemon[123080]: Activating service name='org.a11y.atspi.Registry' requested by ':1.0' (uid=0 pid=123250 comm="python3 guests/python/format.py")
KAYA_DIAG window_metrics default=540x560 allocated=540x560 mapped=true
KAYA_HARNESS: scene ready after 52ms
KAYA_HARNESS: +52ms Expect(Target { kind: Label, index: 0, id: None, keys: None }, "{fmt:date 2026-09-07 short}")
dbus-daemon[123080]: Successfully activated service 'org.a11y.atspi.Registry'
SpiRegistry daemon is running with well-known name - org.a11y.atspi.Registry

(python3:123250): Gtk-WARNING **: 00:00:52.458: Trying to measure AdwApplicationWindow 0x3e296910 for height of 434, but it needs at least 510

(python3:123250): Gtk-WARNING **: 00:00:52.623: Trying to measure AdwApplicationWindow 0x3e296910 for height of 434, but it needs at least 510
KAYA_HARNESS: step-failed Target { kind: Label, index: 0, id: None, keys: None } reads "09/07/26", wanted "09/07/2026"
KAYA_HARNESS: +15061ms Expect(Target { kind: Label, index: 1, id: None, keys: None }, "{fmt:date 2026-09-07 medium}")
KAYA_HARNESS: +15061ms Expect(Target { kind: Label, index: 2, id: None, keys: None }, "{fmt:date 2026-09-07 long}")
KAYA_HARNESS: +15061ms Expect(Target { kind: Label, index: 3, id: None, keys: None }, "{fmt:time 08:30 short}")
KAYA_HARNESS: step-failed Target { kind: Label, index: 3, id: None, keys: None } reads "08:30", wanted "08:30 AM"
KAYA_HARNESS: +30081ms Expect(Target { kind: Label, index: 4, id: None, keys: None }, "{fmt:date_time 2026-09-07T08:30 medium}")
KAYA_HARNESS: step-failed Target { kind: Label, index: 4, id: None, keys: None } reads "Sep 7, 2026 08:30:00", wanted "Sep 7, 2026 08:30:00 AM"
KAYA_HARNESS: +45087ms Expect(Target { kind: Label, index: 5, id: None, keys: None }, "{fmt:number 1234567.891 medium}")
KAYA_HARNESS: step-failed Target { kind: Label, index: 5, id: None, keys: None } reads "1234567.891", wanted "1,234,567.891"
KAYA_HARNESS: +60093ms Expect(Target { kind: Label, index: 6, id: None, keys: None }, "{fmt:percent 0.256 medium}")
KAYA_HARNESS: +60093ms Expect(Target { kind: Label, index: 7, id: None, keys: None }, "{fmt:currency 1234567.89:USD medium}")
KAYA_HARNESS: step-failed Target { kind: Label, index: 7, id: None, keys: None } reads "1234567.89USD", wanted "$1,234,567.89"
KAYA_HARNESS: +75111ms Expect(Target { kind: Label, index: 8, id: None, keys: None }, "one item")
KAYA_HARNESS: +75111ms Expect(Target { kind: Label, index: 9, id: None, keys: None }, "3 items")
KAYA_HARNESS: +75111ms Expect(Target { kind: Label, index: 10, id: None, keys: None }, "Hello, Ada")
KAYA_HARNESS: +75111ms ExpectDirection("ltr")
KAYA_HARNESS: +75111ms ExpectRootFills
KAYA_HARNESS: verb trace (0 records, 0 dropped) appended to /tmp/tmp.mnC04Zlddv/format-python-wayland.vtrace
KAYA_SELFTEST: FAILED (Target { kind: Label, index: 0, id: None, keys: None } reads "09/07/26", wanted "09/07/2026"; Target { kind: Label, index: 3, id: None, keys: None } reads "08:30", wanted "08:30 AM"; Target { kind: Label, index: 4, id: None, keys: None } reads "Sep 7, 2026 08:30:00", wanted "Sep 7, 2026 08:30:00 AM"; Target { kind: Label, index: 5, id: None, keys: None } reads "1234567.891", wanted "1,234,567.891"; Target { kind: Label, index: 7, id: None, keys: None } reads "1234567.89USD", wanted "$1,234,567.89")
flightrec: bundle /flightrec-state/kaya/flightrec/runs/20260923T234654Z-004307/bundles/linux-format-python-wayland — 6 sections (5 ok, 0 skipped, 1 empty, 0 error), 25991 bytes (cap 33554432)
flightrec:   leg-log ok 3706
flightrec:   xvfb empty 0
flightrec:   verb-trace ok 2058
flightrec:   shot ok 4745
flightrec:   desktop ok 5311
flightrec:   focus ok 9878
format-python-wayland: FAIL (76s)
== format-js-wayland ==
KAYA_DIAG notification route: session bus yes, app id dev.kaya.aurora.notes, portal answers false, registered false, org.gtk.Notifications owned false -> None
KAYA_HARNESS: epoch 1790208052502

(node:123253): Gtk-WARNING **: 00:00:52.511: Trying to measure AdwApplicationWindow 0x22d0c5a0 for height of 434, but it needs at least 510
KAYA_DIAG window_metrics default=540x560 allocated=540x560 mapped=true
KAYA_DIAG window_metrics default=540x560 allocated=540x560 mapped=true
KAYA_HARNESS: scene ready after 51ms
KAYA_HARNESS: +51ms Expect(Target { kind: Label, index: 0, id: None, keys: None }, "{fmt:date 2026-09-07 short}")
dbus-daemon[123091]: Activating service name='org.a11y.atspi.Registry' requested by ':1.0' (uid=0 pid=123253 comm="node guests/js/format.ts")
dbus-daemon[123091]: Successfully activated service 'org.a11y.atspi.Registry'
SpiRegistry daemon is running with well-known name - org.a11y.atspi.Registry

(node:123253): Gtk-WARNING **: 00:00:52.558: Trying to measure AdwApplicationWindow 0x22d0c5a0 for height of 434, but it needs at least 510

(node:123253): Gtk-WARNING **: 00:00:52.730: Trying to measure AdwApplicationWindow 0x22d0c5a0 for height of 434, but it needs at least 510
KAYA_HARNESS: step-failed Target { kind: Label, index: 0, id: None, keys: None } reads "09/07/26", wanted "09/07/2026"
KAYA_HARNESS: +15059ms Expect(Target { kind: Label, index: 1, id: None, keys: None }, "{fmt:date 2026-09-07 medium}")
KAYA_HARNESS: +15060ms Expect(Target { kind: Label, index: 2, id: None, keys: None }, "{fmt:date 2026-09-07 long}")
KAYA_HARNESS: +15060ms Expect(Target { kind: Label, index: 3, id: None, keys: None }, "{fmt:time 08:30 short}")
KAYA_HARNESS: step-failed Target { kind: Label, index: 3, id: None, keys: None } reads "08:30", wanted "08:30 AM"
KAYA_HARNESS: +30080ms Expect(Target { kind: Label, index: 4, id: None, keys: None }, "{fmt:date_time 2026-09-07T08:30 medium}")
KAYA_HARNESS: step-failed Target { kind: Label, index: 4, id: None, keys: None } reads "Sep 7, 2026 08:30:00", wanted "Sep 7, 2026 08:30:00 AM"
KAYA_HARNESS: +45091ms Expect(Target { kind: Label, index: 5, id: None, keys: None }, "{fmt:number 1234567.891 medium}")
KAYA_HARNESS: step-failed Target { kind: Label, index: 5, id: None, keys: None } reads "1234567.891", wanted "1,234,567.891"
KAYA_HARNESS: +60103ms Expect(Target { kind: Label, index: 6, id: None, keys: None }, "{fmt:percent 0.256 medium}")
KAYA_HARNESS: +60103ms Expect(Target { kind: Label, index: 7, id: None, keys: None }, "{fmt:currency 1234567.89:USD medium}")
KAYA_HARNESS: step-failed Target { kind: Label, index: 7, id: None, keys: None } reads "1234567.89USD", wanted "$1,234,567.89"
KAYA_HARNESS: +75121ms Expect(Target { kind: Label, index: 8, id: None, keys: None }, "one item")
KAYA_HARNESS: +75121ms Expect(Target { kind: Label, index: 9, id: None, keys: None }, "3 items")
KAYA_HARNESS: +75121ms Expect(Target { kind: Label, index: 10, id: None, keys: None }, "Hello, Ada")
KAYA_HARNESS: +75121ms ExpectDirection("ltr")
KAYA_HARNESS: +75121ms ExpectRootFills
KAYA_HARNESS: verb trace (0 records, 0 dropped) appended to /tmp/tmp.mnC04Zlddv/format-js-wayland.vtrace
KAYA_SELFTEST: FAILED (Target { kind: Label, index: 0, id: None, keys: None } reads "09/07/26", wanted "09/07/2026"; Target { kind: Label, index: 3, id: None, keys: None } reads "08:30", wanted "08:30 AM"; Target { kind: Label, index: 4, id: None, keys: None } reads "Sep 7, 2026 08:30:00", wanted "Sep 7, 2026 08:30:00 AM"; Target { kind: Label, index: 5, id: None, keys: None } reads "1234567.891", wanted "1,234,567.891"; Target { kind: Label, index: 7, id: None, keys: None } reads "1234567.89USD", wanted "$1,234,567.89")
flightrec: bundle /flightrec-state/kaya/flightrec/runs/20260923T234654Z-004307/bundles/linux-format-js-wayland — 6 sections (5 ok, 0 skipped, 1 empty, 0 error), 26577 bytes (cap 33554432)
flightrec:   leg-log ok 3686
flightrec:   xvfb empty 0
flightrec:   verb-trace ok 2058
flightrec:   shot ok 4745
flightrec:   desktop ok 5311
flightrec:   focus ok 10483
format-js-wayland: FAIL (76s)
== format-go-wayland ==
KAYA_DIAG notification route: session bus yes, app id dev.kaya.aurora.notes, portal answers false, registered false, org.gtk.Notifications owned false -> None
KAYA_HARNESS: epoch 1790208052517

(kaya-go:123418): Gtk-WARNING **: 00:00:52.523: Trying to measure AdwApplicationWindow 0x148cc190 for height of 434, but it needs at least 510
KAYA_DIAG window_metrics default=540x560 allocated=540x560 mapped=true
KAYA_DIAG window_metrics default=540x560 allocated=540x560 mapped=true
KAYA_HARNESS: scene ready after 42ms
KAYA_HARNESS: +42ms Expect(Target { kind: Label, index: 0, id: None, keys: None }, "{fmt:date 2026-09-07 short}")
dbus-daemon[123354]: Activating service name='org.a11y.atspi.Registry' requested by ':1.0' (uid=0 pid=123418 comm="/tmp/go-guests/kaya-go")

(kaya-go:123418): Gtk-WARNING **: 00:00:52.561: Trying to measure AdwApplicationWindow 0x148cc190 for height of 434, but it needs at least 510
dbus-daemon[123354]: Successfully activated service 'org.a11y.atspi.Registry'
SpiRegistry daemon is running with well-known name - org.a11y.atspi.Registry

(kaya-go:123418): Gtk-WARNING **: 00:00:52.729: Trying to measure AdwApplicationWindow 0x148cc190 for height of 434, but it needs at least 510
KAYA_HARNESS: step-failed Target { kind: Label, index: 0, id: None, keys: None } reads "09/07/26", wanted "09/07/2026"
KAYA_HARNESS: +15061ms Expect(Target { kind: Label, index: 1, id: None, keys: None }, "{fmt:date 2026-09-07 medium}")
KAYA_HARNESS: +15061ms Expect(Target { kind: Label, index: 2, id: None, keys: None }, "{fmt:date 2026-09-07 long}")
KAYA_HARNESS: +15061ms Expect(Target { kind: Label, index: 3, id: None, keys: None }, "{fmt:time 08:30 short}")
KAYA_HARNESS: step-failed Target { kind: Label, index: 3, id: None, keys: None } reads "08:30", wanted "08:30 AM"
KAYA_HARNESS: +30063ms Expect(Target { kind: Label, index: 4, id: None, keys: None }, "{fmt:date_time 2026-09-07T08:30 medium}")
KAYA_HARNESS: step-failed Target { kind: Label, index: 4, id: None, keys: None } reads "Sep 7, 2026 08:30:00", wanted "Sep 7, 2026 08:30:00 AM"
KAYA_HARNESS: +45082ms Expect(Target { kind: Label, index: 5, id: None, keys: None }, "{fmt:number 1234567.891 medium}")
KAYA_HARNESS: step-failed Target { kind: Label, index: 5, id: None, keys: None } reads "1234567.891", wanted "1,234,567.891"
KAYA_HARNESS: +60084ms Expect(Target { kind: Label, index: 6, id: None, keys: None }, "{fmt:percent 0.256 medium}")
KAYA_HARNESS: +60084ms Expect(Target { kind: Label, index: 7, id: None, keys: None }, "{fmt:currency 1234567.89:USD medium}")
KAYA_HARNESS: step-failed Target { kind: Label, index: 7, id: None, keys: None } reads "1234567.89USD", wanted "$1,234,567.89"
KAYA_HARNESS: +75085ms Expect(Target { kind: Label, index: 8, id: None, keys: None }, "one item")
KAYA_HARNESS: +75086ms Expect(Target { kind: Label, index: 9, id: None, keys: None }, "3 items")
KAYA_HARNESS: +75086ms Expect(Target { kind: Label, index: 10, id: None, keys: None }, "Hello, Ada")
KAYA_HARNESS: +75086ms ExpectDirection("ltr")
KAYA_HARNESS: +75086ms ExpectRootFills
KAYA_HARNESS: verb trace (0 records, 0 dropped) appended to /tmp/tmp.mnC04Zlddv/format-go-wayland.vtrace
KAYA_SELFTEST: FAILED (Target { kind: Label, index: 0, id: None, keys: None } reads "09/07/26", wanted "09/07/2026"; Target { kind: Label, index: 3, id: None, keys: None } reads "08:30", wanted "08:30 AM"; Target { kind: Label, index: 4, id: None, keys: None } reads "Sep 7, 2026 08:30:00", wanted "Sep 7, 2026 08:30:00 AM"; Target { kind: Label, index: 5, id: None, keys: None } reads "1234567.891", wanted "1,234,567.891"; Target { kind: Label, index: 7, id: None, keys: None } reads "1234567.89USD", wanted "$1,234,567.89")
flightrec: bundle /flightrec-state/kaya/flightrec/runs/20260923T234654Z-004307/bundles/linux-format-go-wayland — 6 sections (5 ok, 0 skipped, 1 empty, 0 error), 26437 bytes (cap 33554432)
flightrec:   leg-log ok 3693
flightrec:   xvfb empty 0
flightrec:   verb-trace ok 2058
flightrec:   shot ok 4745
flightrec:   desktop ok 5311
flightrec:   focus ok 10336
format-go-wayland: FAIL (76s)
== format-csharp-wayland ==
KAYA_DIAG notification route: session bus yes, app id dev.kaya.aurora.notes, portal answers false, registered false, org.gtk.Notifications owned false -> None
KAYA_HARNESS: epoch 1790208052539

(dotnet:123421): Gtk-WARNING **: 00:00:52.543: Trying to measure AdwApplicationWindow 0xaaaae15e2fe0 for height of 434, but it needs at least 510
KAYA_DIAG window_metrics default=540x560 allocated=540x560 mapped=true
KAYA_DIAG window_metrics default=540x560 allocated=540x560 mapped=true
KAYA_HARNESS: scene ready after 43ms
KAYA_HARNESS: +43ms Expect(Target { kind: Label, index: 0, id: None, keys: None }, "{fmt:date 2026-09-07 short}")
dbus-daemon[123371]: Activating service name='org.a11y.atspi.Registry' requested by ':1.0' (uid=0 pid=123421 comm="dotnet exec /tmp/cs/bin/Debug/net10.0/kaya-guests.")

(dotnet:123421): Gtk-WARNING **: 00:00:52.585: Trying to measure AdwApplicationWindow 0xaaaae15e2fe0 for height of 434, but it needs at least 510
dbus-daemon[123371]: Successfully activated service 'org.a11y.atspi.Registry'
SpiRegistry daemon is running with well-known name - org.a11y.atspi.Registry

(dotnet:123421): Gtk-WARNING **: 00:00:52.758: Trying to measure AdwApplicationWindow 0xaaaae15e2fe0 for height of 434, but it needs at least 510
KAYA_HARNESS: step-failed Target { kind: Label, index: 0, id: None, keys: None } reads "09/07/26", wanted "09/07/2026"
KAYA_HARNESS: +15052ms Expect(Target { kind: Label, index: 1, id: None, keys: None }, "{fmt:date 2026-09-07 medium}")
KAYA_HARNESS: +15052ms Expect(Target { kind: Label, index: 2, id: None, keys: None }, "{fmt:date 2026-09-07 long}")
KAYA_HARNESS: +15052ms Expect(Target { kind: Label, index: 3, id: None, keys: None }, "{fmt:time 08:30 short}")
KAYA_HARNESS: step-failed Target { kind: Label, index: 3, id: None, keys: None } reads "08:30", wanted "08:30 AM"
KAYA_HARNESS: +30068ms Expect(Target { kind: Label, index: 4, id: None, keys: None }, "{fmt:date_time 2026-09-07T08:30 medium}")
KAYA_HARNESS: step-failed Target { kind: Label, index: 4, id: None, keys: None } reads "Sep 7, 2026 08:30:00", wanted "Sep 7, 2026 08:30:00 AM"
KAYA_HARNESS: +45069ms Expect(Target { kind: Label, index: 5, id: None, keys: None }, "{fmt:number 1234567.891 medium}")
KAYA_HARNESS: step-failed Target { kind: Label, index: 5, id: None, keys: None } reads "1234567.891", wanted "1,234,567.891"
KAYA_HARNESS: +60080ms Expect(Target { kind: Label, index: 6, id: None, keys: None }, "{fmt:percent 0.256 medium}")
KAYA_HARNESS: +60080ms Expect(Target { kind: Label, index: 7, id: None, keys: None }, "{fmt:currency 1234567.89:USD medium}")
KAYA_HARNESS: step-failed Target { kind: Label, index: 7, id: None, keys: None } reads "1234567.89USD", wanted "$1,234,567.89"
KAYA_HARNESS: +75101ms Expect(Target { kind: Label, index: 8, id: None, keys: None }, "one item")
KAYA_HARNESS: +75101ms Expect(Target { kind: Label, index: 9, id: None, keys: None }, "3 items")
KAYA_HARNESS: +75101ms Expect(Target { kind: Label, index: 10, id: None, keys: None }, "Hello, Ada")
KAYA_HARNESS: +75101ms ExpectDirection("ltr")
KAYA_HARNESS: +75102ms ExpectRootFills
KAYA_HARNESS: verb trace (0 records, 0 dropped) appended to /tmp/tmp.mnC04Zlddv/format-csharp-wayland.vtrace
KAYA_SELFTEST: FAILED (Target { kind: Label, index: 0, id: None, keys: None } reads "09/07/26", wanted "09/07/2026"; Target { kind: Label, index: 3, id: None, keys: None } reads "08:30", wanted "08:30 AM"; Target { kind: Label, index: 4, id: None, keys: None } reads "Sep 7, 2026 08:30:00", wanted "Sep 7, 2026 08:30:00 AM"; Target { kind: Label, index: 5, id: None, keys: None } reads "1234567.891", wanted "1,234,567.891"; Target { kind: Label, index: 7, id: None, keys: None } reads "1234567.89USD", wanted "$1,234,567.89")
flightrec: bundle /flightrec-state/kaya/flightrec/runs/20260923T234654Z-004307/bundles/linux-format-csharp-wayland — 6 sections (5 ok, 0 skipped, 1 empty, 0 error), 26503 bytes (cap 33554432)
flightrec:   leg-log ok 3734
flightrec:   xvfb empty 0
flightrec:   verb-trace ok 2058
flightrec:   shot ok 4745
flightrec:   desktop ok 5311
flightrec:   focus ok 10361
format-csharp-wayland: FAIL (76s)
== format-ocaml-wayland ==
KAYA_DIAG notification route: session bus yes, app id dev.kaya.aurora.notes, portal answers false, registered false, org.gtk.Notifications owned false -> None
KAYA_HARNESS: epoch 1790208053292

(format.exe:123678): Gtk-WARNING **: 00:00:53.303: Trying to measure AdwApplicationWindow 0xaaaae44cd260 for height of 434, but it needs at least 510
KAYA_DIAG window_metrics default=540x560 allocated=540x560 mapped=true
dbus-daemon[123675]: Activating service name='org.a11y.atspi.Registry' requested by ':1.0' (uid=0 pid=123678 comm="_build-linux/default/guests/ocaml/format.exe")
KAYA_DIAG window_metrics default=540x560 allocated=540x560 mapped=true
KAYA_HARNESS: scene ready after 83ms
KAYA_HARNESS: +83ms Expect(Target { kind: Label, index: 0, id: None, keys: None }, "{fmt:date 2026-09-07 short}")

(format.exe:123678): Gtk-WARNING **: 00:00:53.380: Trying to measure AdwApplicationWindow 0xaaaae44cd260 for height of 434, but it needs at least 510
dbus-daemon[123675]: Successfully activated service 'org.a11y.atspi.Registry'
SpiRegistry daemon is running with well-known name - org.a11y.atspi.Registry

(format.exe:123678): Gtk-WARNING **: 00:00:53.484: Trying to measure AdwApplicationWindow 0xaaaae44cd260 for height of 434, but it needs at least 510
KAYA_HARNESS: step-failed Target { kind: Label, index: 0, id: None, keys: None } reads "09/07/26", wanted "09/07/2026"
KAYA_HARNESS: +15095ms Expect(Target { kind: Label, index: 1, id: None, keys: None }, "{fmt:date 2026-09-07 medium}")
KAYA_HARNESS: +15095ms Expect(Target { kind: Label, index: 2, id: None, keys: None }, "{fmt:date 2026-09-07 long}")
KAYA_HARNESS: +15095ms Expect(Target { kind: Label, index: 3, id: None, keys: None }, "{fmt:time 08:30 short}")
KAYA_HARNESS: step-failed Target { kind: Label, index: 3, id: None, keys: None } reads "08:30", wanted "08:30 AM"
KAYA_HARNESS: +30104ms Expect(Target { kind: Label, index: 4, id: None, keys: None }, "{fmt:date_time 2026-09-07T08:30 medium}")
KAYA_HARNESS: step-failed Target { kind: Label, index: 4, id: None, keys: None } reads "Sep 7, 2026 08:30:00", wanted "Sep 7, 2026 08:30:00 AM"
KAYA_HARNESS: +45113ms Expect(Target { kind: Label, index: 5, id: None, keys: None }, "{fmt:number 1234567.891 medium}")
KAYA_HARNESS: step-failed Target { kind: Label, index: 5, id: None, keys: None } reads "1234567.891", wanted "1,234,567.891"
KAYA_HARNESS: +60120ms Expect(Target { kind: Label, index: 6, id: None, keys: None }, "{fmt:percent 0.256 medium}")
KAYA_HARNESS: +60120ms Expect(Target { kind: Label, index: 7, id: None, keys: None }, "{fmt:currency 1234567.89:USD medium}")
KAYA_HARNESS: step-failed Target { kind: Label, index: 7, id: None, keys: None } reads "1234567.89USD", wanted "$1,234,567.89"
KAYA_HARNESS: +75133ms Expect(Target { kind: Label, index: 8, id: None, keys: None }, "one item")
KAYA_HARNESS: +75133ms Expect(Target { kind: Label, index: 9, id: None, keys: None }, "3 items")
KAYA_HARNESS: +75133ms Expect(Target { kind: Label, index: 10, id: None, keys: None }, "Hello, Ada")
KAYA_HARNESS: +75133ms ExpectDirection("ltr")
KAYA_HARNESS: +75133ms ExpectRootFills
KAYA_HARNESS: verb trace (0 records, 0 dropped) appended to /tmp/tmp.mnC04Zlddv/format-ocaml-wayland.vtrace
KAYA_SELFTEST: FAILED (Target { kind: Label, index: 0, id: None, keys: None } reads "09/07/26", wanted "09/07/2026"; Target { kind: Label, index: 3, id: None, keys: None } reads "08:30", wanted "08:30 AM"; Target { kind: Label, index: 4, id: None, keys: None } reads "Sep 7, 2026 08:30:00", wanted "Sep 7, 2026 08:30:00 AM"; Target { kind: Label, index: 5, id: None, keys: None } reads "1234567.891", wanted "1,234,567.891"; Target { kind: Label, index: 7, id: None, keys: None } reads "1234567.89USD", wanted "$1,234,567.89")
flightrec: bundle /flightrec-state/kaya/flightrec/runs/20260923T234654Z-004307/bundles/linux-format-ocaml-wayland — 6 sections (5 ok, 0 skipped, 1 empty, 0 error), 27388 bytes (cap 33554432)
flightrec:   leg-log ok 3739
flightrec:   xvfb empty 0
flightrec:   verb-trace ok 2058
flightrec:   shot ok 4745
flightrec:   desktop ok 5311
flightrec:   focus ok 11241
format-ocaml-wayland: FAIL (76s)
== format-haskell-wayland ==
KAYA_DIAG notification route: session bus yes, app id dev.kaya.aurora.notes, portal answers false, registered false, org.gtk.Notifications owned false -> None
KAYA_HARNESS: epoch 1790208053510

(format:123800): Gtk-WARNING **: 00:00:53.518: Trying to measure AdwApplicationWindow 0x123e3590 for height of 434, but it needs at least 510
KAYA_DIAG window_metrics default=540x560 allocated=540x560 mapped=true
KAYA_DIAG window_metrics default=540x560 allocated=540x560 mapped=true
KAYA_HARNESS: scene ready after 92ms
KAYA_HARNESS: +92ms Expect(Target { kind: Label, index: 0, id: None, keys: None }, "{fmt:date 2026-09-07 short}")
dbus-daemon[123756]: Activating service name='org.a11y.atspi.Registry' requested by ':1.0' (uid=0 pid=123800 comm="/work/guests/haskell/dist-newstyle/build/aarch64-l")

(format:123800): Gtk-WARNING **: 00:00:53.606: Trying to measure AdwApplicationWindow 0x123e3590 for height of 434, but it needs at least 510
dbus-daemon[123756]: Successfully activated service 'org.a11y.atspi.Registry'
SpiRegistry daemon is running with well-known name - org.a11y.atspi.Registry

(format:123800): Gtk-WARNING **: 00:00:53.693: Trying to measure AdwApplicationWindow 0x123e3590 for height of 434, but it needs at least 510
KAYA_HARNESS: step-failed Target { kind: Label, index: 0, id: None, keys: None } reads "09/07/26", wanted "09/07/2026"
KAYA_HARNESS: +15099ms Expect(Target { kind: Label, index: 1, id: None, keys: None }, "{fmt:date 2026-09-07 medium}")
KAYA_HARNESS: +15099ms Expect(Target { kind: Label, index: 2, id: None, keys: None }, "{fmt:date 2026-09-07 long}")
KAYA_HARNESS: +15100ms Expect(Target { kind: Label, index: 3, id: None, keys: None }, "{fmt:time 08:30 short}")
KAYA_HARNESS: step-failed Target { kind: Label, index: 3, id: None, keys: None } reads "08:30", wanted "08:30 AM"
KAYA_HARNESS: +30101ms Expect(Target { kind: Label, index: 4, id: None, keys: None }, "{fmt:date_time 2026-09-07T08:30 medium}")
KAYA_HARNESS: step-failed Target { kind: Label, index: 4, id: None, keys: None } reads "Sep 7, 2026 08:30:00", wanted "Sep 7, 2026 08:30:00 AM"
KAYA_HARNESS: +45106ms Expect(Target { kind: Label, index: 5, id: None, keys: None }, "{fmt:number 1234567.891 medium}")
KAYA_HARNESS: step-failed Target { kind: Label, index: 5, id: None, keys: None } reads "1234567.891", wanted "1,234,567.891"
KAYA_HARNESS: +60112ms Expect(Target { kind: Label, index: 6, id: None, keys: None }, "{fmt:percent 0.256 medium}")
KAYA_HARNESS: +60112ms Expect(Target { kind: Label, index: 7, id: None, keys: None }, "{fmt:currency 1234567.89:USD medium}")
KAYA_HARNESS: step-failed Target { kind: Label, index: 7, id: None, keys: None } reads "1234567.89USD", wanted "$1,234,567.89"
KAYA_HARNESS: +75129ms Expect(Target { kind: Label, index: 8, id: None, keys: None }, "one item")
KAYA_HARNESS: +75129ms Expect(Target { kind: Label, index: 9, id: None, keys: None }, "3 items")
KAYA_HARNESS: +75129ms Expect(Target { kind: Label, index: 10, id: None, keys: None }, "Hello, Ada")
KAYA_HARNESS: +75129ms ExpectDirection("ltr")
KAYA_HARNESS: +75129ms ExpectRootFills
KAYA_HARNESS: verb trace (0 records, 0 dropped) appended to /tmp/tmp.mnC04Zlddv/format-haskell-wayland.vtrace
KAYA_SELFTEST: FAILED (Target { kind: Label, index: 0, id: None, keys: None } reads "09/07/26", wanted "09/07/2026"; Target { kind: Label, index: 3, id: None, keys: None } reads "08:30", wanted "08:30 AM"; Target { kind: Label, index: 4, id: None, keys: None } reads "Sep 7, 2026 08:30:00", wanted "Sep 7, 2026 08:30:00 AM"; Target { kind: Label, index: 5, id: None, keys: None } reads "1234567.891", wanted "1,234,567.891"; Target { kind: Label, index: 7, id: None, keys: None } reads "1234567.89USD", wanted "$1,234,567.89")
flightrec: bundle /flightrec-state/kaya/flightrec/runs/20260923T234654Z-004307/bundles/linux-format-haskell-wayland — 6 sections (5 ok, 0 skipped, 1 empty, 0 error), 26321 bytes (cap 33554432)
flightrec:   leg-log ok 3723
flightrec:   xvfb empty 0
flightrec:   verb-trace ok 2058
flightrec:   shot ok 4745
flightrec:   desktop ok 5311
flightrec:   focus ok 10190
format-haskell-wayland: FAIL (76s)
== format-java-wayland ==
format-java-wayland: PASS (1s)
== formatde-python-wayland ==
formatde-python-wayland: PASS (1s)
== formatde-js-wayland ==
formatde-js-wayland: PASS (1s)
== formatde-go-wayland ==
formatde-go-wayland: PASS (1s)
== formatde-csharp-wayland ==
formatde-csharp-wayland: PASS (1s)
== formatde-ocaml-wayland ==
formatde-ocaml-wayland: PASS (1s)
== formatde-haskell-wayland ==
formatde-haskell-wayland: PASS (1s)
== formatde-java-wayland ==
formatde-java-wayland: PASS (1s)
== formatar-python-wayland ==
formatar-python-wayland: PASS (1s)
== formatar-js-wayland ==
formatar-js-wayland: PASS (1s)
== formatar-go-wayland ==
formatar-go-wayland: PASS (1s)
== formatar-csharp-wayland ==
formatar-csharp-wayland: PASS (1s)
== formatar-ocaml-wayland ==
formatar-ocaml-wayland: PASS (1s)
== formatar-haskell-wayland ==
formatar-haskell-wayland: PASS (1s)
== formatar-java-wayland ==
formatar-java-wayland: PASS (1s)
== sheet-python-wayland ==
sheet-python-wayland: PASS (2s)
== sheet-js-wayland ==
sheet-js-wayland: PASS (2s)
== sheet-go-wayland ==
sheet-go-wayland: PASS (3s)
== sheet-csharp-wayland ==
sheet-csharp-wayland: PASS (3s)
== sheet-ocaml-wayland ==
sheet-ocaml-wayland: PASS (2s)
== sheet-haskell-wayland ==
sheet-haskell-wayland: PASS (2s)
== sheet-java-wayland ==
sheet-java-wayland: PASS (3s)
== tooltips-rust-wayland ==
tooltips-rust-wayland: PASS (2s)
== search-rust-wayland ==
search-rust-wayland: PASS (2s)
== search-python-wayland ==
search-python-wayland: PASS (2s)
== search-js-wayland ==
search-js-wayland: PASS (3s)
== search-go-wayland ==
search-go-wayland: PASS (3s)
== search-csharp-wayland ==
search-csharp-wayland: PASS (3s)
== search-ocaml-wayland ==
search-ocaml-wayland: PASS (3s)
== search-haskell-wayland ==
search-haskell-wayland: PASS (2s)
== search-java-wayland ==
search-java-wayland: PASS (2s)
== scroll-rust-wayland ==
scroll-rust-wayland: PASS (1s)
== scroll-python-wayland ==
scroll-python-wayland: PASS (1s)
== scroll-js-wayland ==
scroll-js-wayland: PASS (1s)
== scroll-go-wayland ==
scroll-go-wayland: PASS (1s)
== scroll-csharp-wayland ==
scroll-csharp-wayland: PASS (1s)
== scroll-ocaml-wayland ==
scroll-ocaml-wayland: PASS (1s)
== scroll-haskell-wayland ==
scroll-haskell-wayland: PASS (1s)
== scroll-java-wayland ==
scroll-java-wayland: PASS (1s)
== a11y-rust-wayland ==
a11y-rust-wayland: PASS (3s)
== a11y-c-wayland ==
a11y-c-wayland: PASS (3s)
== a11y-python-wayland ==
a11y-python-wayland: PASS (2s)
== a11y-js-wayland ==
a11y-js-wayland: PASS (2s)
== a11y-go-wayland ==
a11y-go-wayland: PASS (3s)
== a11y-csharp-wayland ==
a11y-csharp-wayland: PASS (2s)
== a11y-ocaml-wayland ==
a11y-ocaml-wayland: PASS (2s)
== a11y-haskell-wayland ==
a11y-haskell-wayland: PASS (2s)
== a11y-java-wayland ==
a11y-java-wayland: PASS (3s)
== progress-rust-wayland ==
progress-rust-wayland: PASS (1s)
== progress-python-wayland ==
progress-python-wayland: PASS (1s)
== progress-js-wayland ==
progress-js-wayland: PASS (1s)
== progress-go-wayland ==
progress-go-wayland: PASS (1s)
== progress-csharp-wayland ==
progress-csharp-wayland: PASS (0s)
== progress-ocaml-wayland ==
progress-ocaml-wayland: PASS (1s)
== progress-haskell-wayland ==
progress-haskell-wayland: PASS (1s)
== progress-java-wayland ==
progress-java-wayland: PASS (1s)
== select-rust-wayland ==
select-rust-wayland: PASS (1s)
== select-python-wayland ==
select-python-wayland: PASS (1s)
== select-js-wayland ==
select-js-wayland: PASS (1s)
== select-go-wayland ==
select-go-wayland: PASS (1s)
== select-csharp-wayland ==
select-csharp-wayland: PASS (0s)
== select-ocaml-wayland ==
select-ocaml-wayland: PASS (1s)
== select-haskell-wayland ==
select-haskell-wayland: PASS (1s)
== select-java-wayland ==
select-java-wayland: PASS (1s)
== radio-rust-wayland ==
radio-rust-wayland: PASS (1s)
== radio-python-wayland ==
radio-python-wayland: PASS (1s)
== radio-js-wayland ==
radio-js-wayland: PASS (1s)
== radio-go-wayland ==
radio-go-wayland: PASS (1s)
== radio-csharp-wayland ==
radio-csharp-wayland: PASS (1s)
== radio-ocaml-wayland ==
radio-ocaml-wayland: PASS (1s)
== radio-haskell-wayland ==
radio-haskell-wayland: PASS (1s)
== radio-java-wayland ==
radio-java-wayland: PASS (1s)
== grid-rust-wayland ==
grid-rust-wayland: PASS (1s)
== grid-python-wayland ==
grid-python-wayland: PASS (1s)
== grid-js-wayland ==
grid-js-wayland: PASS (1s)
== grid-go-wayland ==
grid-go-wayland: PASS (1s)
== grid-csharp-wayland ==
grid-csharp-wayland: PASS (0s)
== grid-ocaml-wayland ==
grid-ocaml-wayland: PASS (1s)
== grid-haskell-wayland ==
grid-haskell-wayland: PASS (1s)
== grid-java-wayland ==
grid-java-wayland: PASS (1s)
== textarea-rust-wayland ==
textarea-rust-wayland: PASS (1s)
== textarea-python-wayland ==
textarea-python-wayland: PASS (1s)
== textarea-js-wayland ==
textarea-js-wayland: PASS (1s)
== textarea-go-wayland ==
textarea-go-wayland: PASS (1s)
== textarea-csharp-wayland ==
textarea-csharp-wayland: PASS (1s)
== textarea-ocaml-wayland ==
textarea-ocaml-wayland: PASS (1s)
== textarea-haskell-wayland ==
textarea-haskell-wayland: PASS (1s)
== textarea-java-wayland ==
textarea-java-wayland: PASS (1s)
== sections-rust-wayland ==
sections-rust-wayland: PASS (2s)
== sections-python-wayland ==
sections-python-wayland: PASS (2s)
== sections-js-wayland ==
sections-js-wayland: PASS (2s)
== sections-go-wayland ==
sections-go-wayland: PASS (2s)
== sections-csharp-wayland ==
sections-csharp-wayland: PASS (2s)
== sections-ocaml-wayland ==
sections-ocaml-wayland: PASS (2s)
== sections-haskell-wayland ==
sections-haskell-wayland: PASS (2s)
== sections-java-wayland ==
sections-java-wayland: PASS (2s)
== menus-rust-wayland ==
menus-rust-wayland: PASS (2s)
== menus-c-wayland ==
menus-c-wayland: PASS (2s)
== menus-python-wayland ==
menus-python-wayland: PASS (2s)
== menus-js-wayland ==
menus-js-wayland: PASS (2s)
== menus-go-wayland ==
menus-go-wayland: PASS (2s)
== menus-csharp-wayland ==
menus-csharp-wayland: PASS (2s)
== menus-ocaml-wayland ==
menus-ocaml-wayland: PASS (2s)
== menus-haskell-wayland ==
menus-haskell-wayland: PASS (2s)
== menus-java-wayland ==
menus-java-wayland: PASS (2s)
== commands-rust-wayland ==
commands-rust-wayland: PASS (2s)
== commands-c-wayland ==
commands-c-wayland: PASS (1s)
== commands-python-wayland ==
commands-python-wayland: PASS (1s)
== commands-js-wayland ==
commands-js-wayland: PASS (1s)
== commands-go-wayland ==
commands-go-wayland: PASS (1s)
== commands-csharp-wayland ==
commands-csharp-wayland: PASS (1s)
== commands-ocaml-wayland ==
commands-ocaml-wayland: PASS (1s)
== commands-haskell-wayland ==
commands-haskell-wayland: PASS (1s)
== commands-java-wayland ==
commands-java-wayland: PASS (1s)
== layout-rust-wayland ==
layout-rust-wayland: PASS (1s)
== layout-python-wayland ==
layout-python-wayland: PASS (1s)
== layout-js-wayland ==
layout-js-wayland: PASS (1s)
== layout-go-wayland ==
layout-go-wayland: PASS (1s)
== layout-csharp-wayland ==
layout-csharp-wayland: PASS (1s)
== layout-ocaml-wayland ==
layout-ocaml-wayland: PASS (1s)
== layout-haskell-wayland ==
layout-haskell-wayland: PASS (1s)
== layout-java-wayland ==
layout-java-wayland: PASS (1s)
== clipboard-rust-wayland ==
clipboard-rust-wayland: PASS (4s)
== clipboard-python-wayland ==
clipboard-python-wayland: PASS (3s)
== clipboard-js-wayland ==
clipboard-js-wayland: PASS (3s)
== clipboard-go-wayland ==
clipboard-go-wayland: PASS (4s)
== clipboard-csharp-wayland ==
clipboard-csharp-wayland: PASS (4s)
== clipboard-ocaml-wayland ==
clipboard-ocaml-wayland: PASS (4s)
== clipboard-haskell-wayland ==
clipboard-haskell-wayland: PASS (3s)
== clipboard-java-wayland ==
clipboard-java-wayland: PASS (3s)
== undo-rust-wayland ==
undo-rust-wayland: PASS (5s)
== ranges-rust-wayland ==
ranges-rust-wayland: PASS (3s)
== ranges-c-wayland ==
ranges-c-wayland: PASS (3s)
== ranges-python-wayland ==
ranges-python-wayland: PASS (4s)
== ranges-js-wayland ==
ranges-js-wayland: PASS (4s)
== ranges-go-wayland ==
ranges-go-wayland: PASS (4s)
== ranges-csharp-wayland ==
ranges-csharp-wayland: PASS (4s)
== ranges-ocaml-wayland ==
ranges-ocaml-wayland: PASS (4s)
== ranges-haskell-wayland ==
ranges-haskell-wayland: PASS (4s)
== ranges-java-wayland ==
ranges-java-wayland: PASS (4s)
== richtext-rust-wayland ==
richtext-rust-wayland: PASS (4s)
== richrows-rust-wayland ==
richrows-rust-wayland: PASS (1s)
== ownundo-rust-wayland ==
ownundo-rust-wayland: PASS (3s)
== richlabel-rust-wayland ==
richlabel-rust-wayland: PASS (1s)
== notes-rust-wayland ==
notes-rust-wayland: PASS (3s)
== editor-go-wayland ==
editor-go-wayland: PASS (9s)
== portfolio-python-wayland ==
portfolio-python-wayland: PASS (8s)
== varied-python-wayland ==
varied-python-wayland: PASS (1s)
TIMING legs 930s
exclusive: linux held 7 legs for 26s; waited 15 times for 465s
flightrec: 843 leg record(s) written to /flightrec-state/kaya/flightrec/runs/20260923T234654Z-004307/journal.jsonl
run-suites: FAILURES ABOVE
focus-ring: the sampler (pid 4365) is stopped
TIMING container-suites 1148s
== linux log kept at /Users/akhilindurti/Projects/kaya/target/validate-failures/linux.log ==
linux: FAIL (1150s, 829 legs)
linux: phases image-build 2, core-build 187, guest-builds 27, legs 930, container-suites 1148
== linux log kept at /Users/akhilindurti/Projects/kaya/target/validate-lanes/linux.log ==
linux: 465s of that waiting for the exclusive token; 685s net against the 1250s ceiling
windows: PASS (1103s, 308 legs)
windows: phases check-targets 27, vm-ready 0, build 111, deploy 49, unit-tests 35, go-warm 15, package 10, desk-warm 3, caption-centre 21, suites 821
== windows log kept at /Users/akhilindurti/Projects/kaya/target/validate-lanes/windows.log ==
windows: 61s of that waiting for the exclusive token; 1042s net against the 1350s ceiling
ios: PASS (1015s, 152 legs)
ios: phases boot 6, swift-built+queued 315, go-built+queued 183, python-built+queued 16, swiftui-built+queued 417, all-legs-drained 3, stills-extraction 0
== ios log kept at /Users/akhilindurti/Projects/kaya/target/validate-lanes/ios.log ==
ios: 452s of that waiting for the exclusive token; 563s net against the 1150s ceiling
== android (log) ==
check-targets: android OK
check-targets: go-android OK
check-targets: spawn chains read: 6
check-targets: self-test spawn-stdio negative removed the seed's stdout, 1 substitution(s)
check-targets: self-test — the doctored spawn is refused, naming .stdout(
check-targets: ALL OK
warning: variable does not need to be mutable
   --> src/haskell.rs:718:17
    |
718 |             let mut lead = |c: &mut Ctx, cond: &str, first: &mut bool| {
    |                 ----^^^^
    |                 |
    |                 help: remove this `mut`
    |
    = note: `#[warn(unused_mut)]` (part of `#[warn(unused)]`) on by default

kaya-bindgen: bindings/python/kaya/wire.py: 2 code-answer decode arms
kaya-bindgen: bindings/go/kaya_wire.go: 2 code-answer decode arms
kaya-bindgen: bindings/csharp/KayaWire.cs: 2 code-answer decode arms
kaya-bindgen: bindings/ocaml/kaya_wire.ml: 2 code-answer decode arms
kaya-bindgen: bindings/haskell/KayaWire.hs: 2 code-answer decode arms
kaya-bindgen: bindings/java/dev/kaya/KayaWire.java: 2 code-answer decode arms
kaya-bindgen: bindings/swift/KayaWire.swift: 2 code-answer decode arms
kaya-bindgen: bindings/js/kaya/wire.ts: 2 code-answer decode arms
TIMING preflight 32s
android-emulator-state: selftest OK
run-emulator: the drag duration held at 1500ms for 3 quiet loads and grew for 4 loaded ones (cap 4500ms), and 4 durations walked in 4..8 paced moves
phone pool: 360dp
tablet: 1280dp
TIMING boot 3s
flightrec: journal /Users/akhilindurti/.local/state/kaya/flightrec/runs/20260923T234420Z-046300/journal.jsonl (retention: newest 20 runs, 1 pruned, 20 kept)
current (stamp matches)
/Users/akhilindurti/Projects/kaya/guests/assets/: 19 files pushed, 0 skipped. 81.5 MB/s (944909 bytes in 0.011s)
/Users/akhilindurti/Projects/kaya/guests/assets/: 19 files pushed, 0 skipped. 69.5 MB/s (944909 bytes in 0.013s)
/Users/akhilindurti/Projects/kaya/guests/assets/: 19 files pushed, 0 skipped. 44.2 MB/s (944909 bytes in 0.020s)
/Users/akhilindurti/Projects/kaya/guests/assets/: 19 files pushed, 0 skipped. 78.1 MB/s (944909 bytes in 0.012s)
assets: 19 files on emulator-5554, every one hash-equal to the tree
assets: 19 files on emulator-5556, every one hash-equal to the tree
assets: 19 files on emulator-5558, every one hash-equal to the tree
assets: 19 files on emulator-5560, every one hash-equal to the tree
TIMING cliphelper 4s
run-emulator: harness a11y label "kaya harness" declared by 4 apps
run-emulator: drop_block refused 6 bad drops
run-emulator: NOT RUN on this host (after `resize_window`): resize_window 480x400
run-emulator: NOT RUN on this host (after `resize_window`): expect_axis row@narrow "vertical"
run-emulator: NOT RUN on this host (after `resize_window`): expect_grid_columns grid@sheet 1
run-emulator: NOT RUN on this host (after `resize_window`): expect_grid_columns grid@fit 1
run-emulator: NOT RUN on this host (after `resize_window`): resize_window 900x600
run-emulator: NOT RUN on this host (after `resize_window`): expect_axis row@narrow "horizontal"
run-emulator: NOT RUN on this host (after `resize_window`): expect_grid_columns grid@sheet 3
run-emulator: NOT RUN on this host (after `resize_window`): expect_grid_columns grid@fit 3
run-emulator: NOT RUN on this host (after `close_window`): close_window window#0
run-emulator: NOT RUN on this host (after `close_window`): expect_alert "unsaved changes"
run-emulator: NOT RUN on this host (after `close_window`): alert_choose cancel
run-emulator: NOT RUN on this host (after `close_window`): expect label#1 "kept editing"
run-emulator: NOT RUN on this host (after `close_window`): expect_windows 1
run-emulator: NOT RUN on this host (after `close_window`): expect_dirty true
run-emulator: NOT RUN on this host (no foreign drag source reaches a phone app): drag_file "$TMP/kaya-dnd-$PID/dropped.txt" to label#3
run-emulator: NOT RUN on this host (no foreign drag source reaches a phone app): expect label#4 "files target got dropped.txt dropped bytes (copy)"
run-emulator: NOT RUN on this host (after `close_window`): close_window window#0
run-emulator: NOT RUN on this host (after `close_window`): expect_alert "unsaved changes"
run-emulator: NOT RUN on this host (after `close_window`): alert_choose cancel
run-emulator: NOT RUN on this host (after `close_window`): expect_windows 1
run-emulator: NOT RUN on this host (after `close_window`): expect_dirty true
run-emulator: NOT RUN on this host (after `close_window`): expect_ax label#0 "label/new file"
run-emulator: NOT RUN on this host (no auxiliary windows): expect_title window#1 "Aurora Notes"
run-emulator: NOT RUN on this host (after `resize_window`): resize_window 900x600
run-emulator: NOT RUN on this host (after `resize_window`): expect_folded column@summary none
run-emulator: NOT RUN on this host (after `resize_window`): expect_aligned column@detail "stretch"
run-emulator: NOT RUN on this host (after `resize_window`): expect_aligned column@accounts "stretch"
run-emulator: NOT RUN on this host (after `resize_window`): back
run-emulator: NOT RUN on this host (after `resize_window`): expect_entries 0
run-emulator: NOT RUN on this host (after `resize_window`): settle 600
run-emulator: NOT RUN on this host (after `resize_window`): expect_fills column@positions[brokerage]
run-emulator: NOT RUN on this host (after `resize_window`): click button#1
run-emulator: NOT RUN on this host (after `resize_window`): expect_title "Transactions"
run-emulator: NOT RUN on this host (after `resize_window`): resize_window 560x600
run-emulator: NOT RUN on this host (after `resize_window`): expect_folded column@summary column@ledger
run-emulator: NOT RUN on this host (after `resize_window`): resize_window 900x600
run-emulator: NOT RUN on this host (after `resize_window`): expect_folded column@summary none
run-emulator: NOT RUN on this host (after `expect_windows`): expect_windows 1
run-emulator: NOT RUN on this host (after `expect_windows`): click button#1
run-emulator: NOT RUN on this host (after `expect_windows`): expect_windows 2
run-emulator: NOT RUN on this host (after `expect_windows`): expect_title window#1 "library"
run-emulator: NOT RUN on this host (after `expect_windows`): expect_sections_presentation window#1 "sidebar"
run-emulator: NOT RUN on this host (the phones answer the detent): expect_sheet_detent none
run-emulator: NOT RUN on this host (the system owns the surface on a phone): resize_window 900x620
run-emulator: NOT RUN on this host (a phone window has no frame to remember): expect_window_size 900x620
run-emulator: relaunch_count agrees on 7 scripts
run-emulator: link_declaration refuses 6 doctored manifests and accepts both launchMode spellings
run-emulator: the real-domain census refuses a leaked store
    Building arm64-v8a (aarch64-linux-android)
   Compiling kaya v0.0.0 (/Users/akhilindurti/Projects/kaya/crates/kaya)
warning: variable does not need to be mutable
    --> crates/kaya/src/android.rs:1848:5
     |
1848 |     mut env: JNIEnv<'local>,
     |     ----^^^
     |     |
     |     help: remove this `mut`
     |
     = note: `#[warn(unused_mut)]` (part of `#[warn(unused)]`) on by default

warning: function `exit_hard` is never used
   --> crates/kaya/src/lib.rs:258:15
    |
258 | pub(crate) fn exit_hard(code: i32) -> ! {
    |               ^^^^^^^^^
    |
    = note: `#[warn(dead_code)]` (part of `#[warn(unused)]`) on by default

warning: function `text_scale_override` is never used
   --> crates/kaya/src/fmt.rs:215:15
    |
215 | pub(crate) fn text_scale_override() -> Option<f64> {
    |               ^^^^^^^^^^^^^^^^^^^

warning: function `window_frame_key` is never used
   --> crates/kaya/src/prefs.rs:230:15
    |
230 | pub(crate) fn window_frame_key(window: u64) -> String {
    |               ^^^^^^^^^^^^^^^^

warning: function `window_frame` is never used
   --> crates/kaya/src/prefs.rs:237:15
    |
237 | pub(crate) fn window_frame(window: u64) -> Option<String> {
    |               ^^^^^^^^^^^^

warning: function `set_window_frame` is never used
   --> crates/kaya/src/prefs.rs:244:15
    |
244 | pub(crate) fn set_window_frame(window: u64, frame: &str) {
    |               ^^^^^^^^^^^^^^^^

warning: struct `PathSource` is never constructed
   --> crates/kaya/src/protocol.rs:204:12
    |
204 | pub struct PathSource {
    |            ^^^^^^^^^^

warning: struct `SaveDestination` is never constructed
   --> crates/kaya/src/protocol.rs:245:12
    |
245 | pub struct SaveDestination {
    |            ^^^^^^^^^^^^^^^

warning: `kaya` (lib) generated 8 warnings (run `cargo fix --lib -p kaya` to apply 1 suggestion)
    Finished `dev` profile [unoptimized + debuginfo] target(s) in 13.36s
exclusive: android waits to admit canvasdark-compose — lane=mac leg=filedialog-rust-swiftui pid=44257 scope=host host=Akhils-MBP.localdomain start=1790207111 holds
exclusive: android waited 11.5s to admit canvasdark-compose
exclusive: android waits to admit grow-compose — lane=mac leg=filedialog-ocaml-swiftui pid=44257 scope=host host=Akhils-MBP.localdomain start=1790207126 holds
exclusive: android waited 1.8s to admit grow-compose
exclusive: android waits to admit confirm-compose — lane=mac leg=filedialog-haskell-swiftui pid=44257 scope=host host=Akhils-MBP.localdomain start=1790207130 holds
exclusive: android waited 0.8s to admit confirm-compose
exclusive: android waits to admit filedialog-compose — lane=mac leg=filedialog-swift-swiftui pid=44257 scope=host host=Akhils-MBP.localdomain start=1790207134 holds
exclusive: android waited 11.1s to admit filedialog-compose
exclusive: android waits to admit progress-compose — lane=mac leg=save-java-swiftui pid=44257 scope=host host=Akhils-MBP.localdomain start=1790207152 holds
exclusive: android waited 29.2s to admit progress-compose
exclusive: android waits to admit textarea-compose — lane=mac leg=save-haskell-swiftui pid=44257 scope=host host=Akhils-MBP.localdomain start=1790207182 holds
exclusive: android waited 53.2s to admit textarea-compose
exclusive: android holds for dnd-compose
exclusive: android released after dnd-compose (50.7s held)
exclusive: android holds for tasks-compose
exclusive: android released after tasks-compose (25.9s held)
exclusive: android holds for notify-compose
exclusive: android released after notify-compose (6.3s held)
exclusive: android waits to admit richrows-compose — lane=ios leg=save-swift pid=44260 scope=host host=Akhils-MBP.localdomain start=1790207369 holds
exclusive: android waited 21.2s to admit richrows-compose
identity: 5 launcher mipmaps inside rusthost-debug.apk, every one the arm's own bytes
links: dev.kaya.rusthost claims dev.kaya.aurora.notes:// with launchMode=singleTask
assets: 19 files inside rusthost-debug.apk under assets/kaya/, every one byte-equal to the tree
== stage-compose-emulator-5554 ==
stage-compose-emulator-5554: OK
== stage-compose-emulator-5556 ==
stage-compose-emulator-5556: OK
== stage-compose-emulator-5558 ==
stage-compose-emulator-5558: OK
== stage-compose-emulator-5560 ==
stage-compose-emulator-5560: OK
== stage-compose-emulator-5562 ==
stage-compose-emulator-5562: OK
stage-compose: OK (5/5 targets)
== compose ==
09-23 16:44:40.646  9181  9204 I kaya    : KAYA_SELFTEST: OK (step 0, step 1, step 2, removed g2/a, 0 left)
compose: PASS (4s)
== a11y-compose ==
09-23 16:44:41.503 27731 27753 I kaya    : KAYA_SELFTEST: OK (ax "button/Save", ax "checkbox/Details", ax "button/Reset", ax "label/Ready", ax "field/Full name", ax "field/Notes", ax "slider/Volume", ax "progress/Loading", ax "image/Logo", ax hint "save the draft", ax hint "show more detail", ax "combobox/Color", ax "group/Size", ax "group/Form", ax "group/Cells", ax "group/Feed", ax "group/Actions", ax "button/Cancel", ax "button/OK", ax "label/Before", ax "label/After")
a11y-compose: PASS (5s)
== entry-compose ==
09-23 16:44:42.326 29548 29571 I kaya    : KAYA_SELFTEST: OK (no todos, added milk, 1 total, , entry#0 focused, nothing to add, 1 total)
entry-compose: PASS (6s)
== gallery-compose ==
09-23 16:44:42.394 29946 29970 I kaya    : KAYA_SELFTEST: OK (urgent: false, urgent: true, volume: 75%, 2x2, 0x0, volume: 75%, ax "slider/Level", placeholder "Search")
gallery-compose: PASS (6s)
== todos-compose ==
09-23 16:44:49.208  9245  9267 I kaya    : KAYA_SELFTEST: OK (0 items left, 1 item left, , entry#0 focused, menu "Edit>Undo" enabled, 0 items left, menu "Edit>Redo" enabled, 1 item left, 0 items left)
todos-compose: PASS (8s)
== remount-compose ==
09-23 16:44:49.795 27799 27820 I kaya    : KAYA_SELFTEST: OK (0 items left, 1 item left, , entry#0 focused, menu "Edit>Undo" enabled, 0 items left, menu "Edit>Redo" enabled, 1 item left, 0 items left)
remount-compose: PASS (8s)
== remount-nav-compose ==
09-23 16:44:49.454 29625 29646 I kaya    : KAYA_SELFTEST: OK (entries 0, title "nav", entries 1, title "detail", detail pane, entries 0, popped detail, title "nav", entries 1, title "settings", entries 0, back requested, title "nav")
remount-nav-compose: PASS (6s)
== reorder-compose ==
09-23 16:44:49.330 30020 30041 I kaya    : KAYA_SELFTEST: OK (a|b|c, b|c|a, a|b|c)
reorder-compose: PASS (6s)
== table-compose ==
09-23 16:44:53.032  9325  9347 I kaya    : KAYA_SELFTEST: OK (Name|Size, column#0 column edges 2, column#0 fills, banana,30|apple,10|cherry,20, Name|Size ^0, column#0 column edges 2, apple,10|banana,30|cherry,20, Name|Size v0, column#0 column edges 2, cherry,20|banana,30|apple,10, Name|Size ^1, column#0 column edges 2, apple,10|cherry,20|banana,30)
table-compose: PASS (3s)
== windowed-compose ==
09-23 16:44:54.824 30081 30103 I kaya    : KAYA_SELFTEST: OK (Name|Size, column#0 column edges 2, column#0 window 0 400, column#0 window 200 400, column#0 window 0 400)
windowed-compose: PASS (5s)
== canvas-compose ==
09-23 16:44:53.208 29694 29715 I kaya    : KAYA_SELFTEST: OK (portfolio value, drawing 41/2,8,97,83, drawing hash 7ae0a9280909ee7b, ink light FFFFFF/D2E3F7 dark 16181C/212A35, ax "image/Portfolio value")
canvas-compose: PASS (3s)
== canvasdark-compose ==
09-23 16:45:06.127 27880 27904 I kaya    : KAYA_SELFTEST: OK (portfolio value, drawing 41/2,8,97,83, drawing hash 7ae0a9280909ee7b, ink light FFFFFF/D2E3F7 dark 16181C/212A35, ax "image/Portfolio value")
canvasdark-compose: PASS (4s)
== sizepolicy-compose ==
09-23 16:45:06.568  9389  9413 I kaya    : KAYA_SELFTEST: OK (raster track, drawing 12/5,0,95,100, drawing hash 8185fc030ee419b6, ink light D2E3F7 dark 212A35, raster viewbox, drawing 12/5,0,95,100, drawing hash 8185fc030ee419b6, ink light D2E3F7 dark 212A35, raster track, drawing 12/5,0,95,100, ink light D2E3F7 dark 212A35, frame 1, drawing 6/25,0,45,100, frame 2, drawing 6/25,0,65,100, raster track)
sizepolicy-compose: PASS (5s)
== adaptive-compose ==
09-23 16:45:06.004 29755 29778 I kaya    : KAYA_SELFTEST: OK (alpha, row@dash axis horizontal, column@steady axis vertical, row@dash axis vertical, row@dash axis horizontal, row@narrow axis vertical, grid@sheet columns 1, grid@fit columns 1)
adaptive-compose: PASS (4s)
== feed-compose ==
09-23 16:45:06.786 30157 30180 I kaya    : KAYA_SELFTEST: OK (jot one|jot two, 0 done, 1 done, jot two, 2 done, 1 done)
feed-compose: PASS (5s)
== grow-compose ==
09-23 16:45:11.324 29818 29840 I kaya    : KAYA_SELFTEST: OK (grow probe, root fills, column#0 fills, row#0 fills, textarea#0 fills, label#1 fills, button#0 fills, 25,50,25, 25,75)
grow-compose: PASS (3s)
== align-compose ==
09-23 16:45:13.212 27943 27964 I kaya    : KAYA_SELFTEST: OK (align probe, column@root aligns stretch, column@centered aligns center, row@baseline aligns baseline, column@fitcol aligns stretch, column@fitcol fills, plain probe, row@plain aligns center, textarea@optout hugs, button@fills spans its breadth, row@wrapped lines 2, row@plain lines 1)
align-compose: PASS (5s)
== layout-compose ==
09-23 16:45:13.100  9455  9476 I kaya    : KAYA_SELFTEST: OK (Layout probe, deep)
layout-compose: PASS (6s)
== stall-compose ==
09-23 16:45:16.435 30223 30245 I kaya    : KAYA_SELFTEST: OK (ready, pinged, the app thread is keeping up, stalled 1031ms)
stall-compose: PASS (8s)
== confirm-compose ==
09-23 16:45:20.159 29874 29895 I kaya    : KAYA_SELFTEST: OK (no decision, alert "delete item?", deleted, alert "delete item?", archived, alert "delete item?", kept, alert "eject disk?", ejected, alert "eject disk?", held, alerts 0)
confirm-compose: PASS (7s)
== filedialog-compose ==
09-23 16:45:40.186 28021 28089 I kaya    : KAYA_SELFTEST: OK (no file, file dialog "kaya-picked-28021" [decoy.txt, picked.txt], reading, 1 picked bytes, file dialog "kaya-picked-28021" [decoy.txt, picked.txt], cancelled, ax "label/cancelled")
filedialog-compose: PASS (15s)
== save-compose ==
09-23 16:45:41.757  9527  9602 I kaya    : KAYA_SELFTEST: OK (no file, nothing open to save, nothing to reopen, file dialog "kaya-save-9527" [decoy, draft], opened first draft, nothing to reopen, saved second draft, save dialog "kaya-save-9527" "copy", save cancelled, save dialog "kaya-save-9527" "copy", save dialog "kaya-save-9527" "final", saved third draft, reopened second draft third draft, ax "label/reopened second draft third draft")
save-compose: PASS (16s)
== nav-compose ==
09-23 16:45:31.688 30305 30328 I kaya    : KAYA_SELFTEST: OK (entries 0, title "nav", entries 1, title "detail", detail pane, entries 0, popped detail, title "nav", entries 1, title "settings", entries 0, back requested, title "nav")
nav-compose: PASS (6s)
== scroll-compose ==
09-23 16:45:30.969 29950 29970 I kaya    : KAYA_SELFTEST: OK (scroll#0 spans its breadth, scroll#0 overflows, at top, scroll#0 at end, bottom clicked)
scroll-compose: PASS (6s)
== progress-compose ==
09-23 16:46:04.821 30014 30036 I kaya    : KAYA_SELFTEST: OK (25%, indeterminate)
progress-compose: PASS (4s)
== select-compose ==
09-23 16:46:05.025 30379 30400 I kaya    : KAYA_SELFTEST: OK (Red, picked: Red, Blue, picked: Blue, Green, picked: Green)
select-compose: PASS (4s)
== radio-compose ==
09-23 16:46:04.712 28271 28292 I kaya    : KAYA_SELFTEST: OK (Small, size: Small, Large, size: Large, Medium, size: Medium)
radio-compose: PASS (4s)
== grid-compose ==
09-23 16:46:04.413  9812  9834 I kaya    : KAYA_SELFTEST: OK (Name:, Ada Lovelace, Role:, Engine programmer, grid#0 columns 2, root fills, row#0 fills)
grid-compose: PASS (3s)
== textarea-compose ==
09-23 16:47:02.761  9872  9894 I kaya    : KAYA_SELFTEST: OK (0 lines, first line
textarea-compose: PASS (4s)
== sections-compose ==
09-23 16:47:03.275 28335 28356 I kaya    : KAYA_SELFTEST: OK (2 sections, sections bar, section "Feed" symbol "home", section "Archive" symbol "star", section "Feed", feed ready, section "Archive", archive: 1 visits, section "Feed", section "Archive", archive: 1 visits, archive: 2 visits)
sections-compose: PASS (5s)
== menus-compose ==
09-23 16:47:05.290 30076 30098 I kaya    : KAYA_SELFTEST: OK (ready, 3 menus, menu "File>Save" disabled, menu "File>Export" disabled, menu "File>Save" symbol "done", menu "File>Export" symbol "forward", menu "View>Details" symbol "info", menu "View>Details" unchecked, menu "Sort" value 0, menu "View>Details" checked, details on, menu "Sort" value 1, sorted date, menu "File>Save" enabled, menu "File>Export" enabled, menu "View>Details" checked, menu "Sort" value 1, saved, menu "View>Details" unchecked, menu "Sort" value 0, ready, saved, renamed, removed g2/a, 4 menus, menu "Document>Publish" enabled, menu "Tools>Inspect" enabled, menu "Document>Publish" symbol "copy", menu "Tools>Inspect" symbol "search", shared, presentation fits)
menus-compose: PASS (7s)
== toolbar-compose ==
09-23 16:47:02.154 30443 30467 I kaya    : KAYA_SELFTEST: OK (ready, toolbar, toolbar item Save done, toolbar item Find search, toolbar item Save enabled, toolbar item Save disabled, menu "File>Save" disabled, toolbar item Save enabled, menu "File>Save" enabled)
toolbar-compose: PASS (4s)
== identity-compose ==
09-23 16:47:06.896 30506 30527 I kaya    : KAYA_SELFTEST: OK (identity, app icon E01B24/33D17A/1C71D8/F6D32D, toolbar, toolbar item Save done, title "identity", clicked hi, app icon E01B24/33D17A/1C71D8/F6D32D)
identity-compose: PASS (4s)
== listdetail-compose ==
09-23 16:47:06.414  9938  9960 I kaya    : KAYA_SELFTEST: OK (entries 0, split fits, entries 1, list pane, detail pane, split fits, ax "label/detail pane")
listdetail-compose: PASS (4s)
== listdetail-compose-tablet ==
09-23 16:47:09.875 17477 17500 I kaya    : KAYA_SELFTEST: OK (entries 0, split fits, entries 1, list pane, detail pane, split fits, ax "label/detail pane", split regular/split, entries 1, split regular/split)
listdetail-compose-tablet: PASS (6s)
== commands-compose ==
09-23 16:47:06.901 28403 28424 I kaya    : KAYA_SELFTEST: OK (ready, 2 menus, menu "File>Settings…" enabled, menu "View>Details" unchecked, menu "View>Sort" value 0, menu "View>Details" checked, details on, menu "View>Sort" value 1, sorted date, settings 1, settings 2)
commands-compose: PASS (3s)
== a11yrows-compose ==
09-23 16:47:11.081 30164 30185 I kaya    : KAYA_SELFTEST: OK (ax "field/First note", ax "field/Second note", ax "heading/Heading one", ax "heading/Heading two", inset row#0 8)
a11yrows-compose: PASS (5s)
== styling-compose ==
09-23 16:47:11.837 30567 30588 I kaya    : KAYA_SELFTEST: OK (Sections, ax "heading/Sections", inset 0, ready, captioned, ax "button/Delete", ax "button/Save", deleted, saved)
styling-compose: PASS (5s)
== typeface-compose ==
09-23 16:47:12.097 10001 10023 I kaya    : KAYA_SELFTEST: OK (typeface, typeface Sora, clicked hi, ax "heading/typeface")
typeface-compose: PASS (5s)
== assets-compose ==
09-23 16:47:11.470 28466 28487 I kaya    : KAYA_SELFTEST: OK (assets, 2x2, kaya: no asset named "icons/nope.png"; the package carries fonts/OFL.txt, fonts/README.md, fonts/sora-wght.ttf, icons/README.md, icons/kaya-mark.png, identity.toml, images/README.md, images/a11y-logo.png, l10n/README.md, l10n/format.ar.ftl, l10n/format.de.ftl, l10n/format.en.ftl, l10n/tasks.ar.ftl, l10n/tasks.en.ftl, market/README.md, market/prices.csv, market/transactions.csv, win/README.md, win/minimal-resources.pri, icons/kaya-mark.png present, fonts/sora-wght.ttf: 111400 bytes, no complaint)
assets-compose: PASS (4s)
== clipboard-compose ==
09-23 16:47:17.640 30224 30247 I kaya    : KAYA_SELFTEST: OK (ready, copied, clipboard text "kaya clip", clipboard html "<b>kaya</b> clip", clipboard dev.kaya/note "note=1", clipboard image "4x4", custom dev.kaya/note note=1, text från ett annat program, empty, image, clipboard image "4x4", files pasted.txt pasted bytes, entry#0 focused, pasted pasted by hand, , entry#1 focused, pasted by hand, , ax "field/pasted by hand", entry#2 focused, row r1 pasted pasted by hand, )
clipboard-compose: PASS (6s)
== background-compose ==
09-23 16:47:14.531 28521 28543 I kaya    : KAYA_SELFTEST: OK (idle, working, alive, working, 123, acb, ax "label/acb")
background-compose: PASS (3s)
== undo-compose ==
09-23 16:47:21.677 30628 30650 I kaya    : KAYA_SELFTEST: OK (no todos, history empty, no keys, menu "Edit>Undo" disabled, menu "Edit>Redo" disabled, entry#0 focused, milk, menu "Edit>Undo" enabled, added milk, 1 total, keys 1, , no todos, undid add milk, 0 total, no keys, , added milk, 1 total, redid add milk, 1 total, keys 1, , tea, starred, teas, tea, menu "Edit>Redo" enabled, teas, redid typing, 1 total, tea, undid typing, 1 total, added milk, 1 total, undid star, 1 total, , undid typing, 1 total, nothing to add, 1 total, tea, redid typing, 1 total, added tea, 2 total, keys 1,2, , nothing to add, 1 total, undid add tea, 1 total, keys 1, added tea, 2 total, redid add tea, 2 total, keys 1,2, removed milk, 1 total, keys 2, added tea, 2 total, undid remove milk, 2 total, keys 1,2, removed milk, 1 total, redid remove milk, 1 total, keys 2, added jam, 2 total, keys 2,3, notes 3=ha, undid typing, 2 total, no notes, , redid typing, 2 total, notes 3=ha, ha)
undo-compose: PASS (9s)
== dirty-compose ==
09-23 16:47:15.597 10063 10085 I kaya    : KAYA_SELFTEST: OK (notes, saved, title "dirty", dirty false, notes and a line, unsaved, dirty true, saved, dirty false, unsaved, dirty true, title "dirty")
dirty-compose: PASS (3s)
== ranges-compose ==
09-23 16:47:20.728 28597 28618 I kaya    : KAYA_SELFTEST: OK (0 matches, expect_highlights , 3 matches, expect_highlights 57:62=alpha|203:208=alpha|753:758=alpha, expect_selection 203:208=alpha, 753:758 offscreen, 753:758 visible, expect_highlights 57:62=alpha|203:208=alpha|753:758=alpha, expect_selection 203:208=alpha, textarea#0 focused, 0 matches, expect_highlights , expect_selection 820:820=, 3 matches)
ranges-compose: PASS (6s)
== dnd-compose ==
dnd-compose: draganddrop #1 try 1 96 64 104 104 4500ms (asked 1500ms, one-minute load 156.40) -> started after 568ms, 8 of 8 moves 562ms apart in 5541ms
dnd-compose: draganddrop #2 try 1 295 120 86 104 4500ms (asked 1500ms, one-minute load 144.44) -> started after 412ms, 8 of 8 moves 562ms apart in 5459ms
dnd-compose: draganddrop #3 try 1 96 64 273 64 4500ms (asked 1500ms, one-minute load 134.15) -> started after 411ms, 8 of 8 moves 562ms apart in 5468ms
dnd-compose: draganddrop #4 try 1 267 120 75 104 4500ms (asked 1500ms, one-minute load 125.73) -> started after 554ms, 8 of 8 moves 562ms apart in 5544ms
dnd-compose: draganddrop #5 try 1 96 64 105 152 4500ms (asked 1500ms, one-minute load 115.90) -> started after 418ms, 8 of 8 moves 562ms apart in 5459ms
dnd-compose: draganddrop #6 try 1 96 64 106 128 4500ms (asked 1500ms, one-minute load 98.48) -> started after 419ms, 8 of 8 moves 562ms apart in 5467ms
dnd-compose: draganddrop #7 try 1 40 176 40 52 4500ms (asked 1500ms, one-minute load 90.92) -> started after 425ms, 8 of 8 moves 562ms apart in 5519ms
dnd-compose: draganddrop #8 try 1 40 120 40 188 4500ms (asked 1500ms, one-minute load 84.20) -> started after 436ms, 8 of 8 moves 562ms apart in 5571ms
09-23 16:48:12.329 10130 10154 I kaya    : KAYA_SELFTEST: OK (no drop yet, no drag yet, text target got text hello (copy), drag ended copy, hello, x|y, text target got text y (copy), item y drag ended copy, y, item x got text hello (copy), drag ended copy, yy, text target got text yy (copy), yy, drag ended none, note target got dev.kaya/note 5 bytes (move), drag ended move, moved out, a|b|c, c|a|b, row c drag ended move, c|b|a, row a drag ended move)
dnd-compose: PASS (50s)
== pickers-compose ==
09-23 16:48:18.719 30319 30342 I kaya    : KAYA_SELFTEST: OK (2026-09-04, 14:30, date: none, time: none, date: 2026-09-05, 2026-09-05, 2026-12-31, date: 2026-12-31, 2026-01-01, date: 2026-01-01, date: 2026-09-05, 10:00, time: 10:00, 2026-03-01, 09:00, date: 2026-09-05, time: 10:00, 2026-11-20, row b: 2026-10-10, 2026-10-10, 2026-10-01, ax "datetime/Due", ax "datetime/At")
pickers-compose: PASS (6s)
== sliders-compose ==
09-23 16:48:17.970 28678 28701 I kaya    : KAYA_SELFTEST: OK (50, 0.5, value: 50, commits: 0, volume: 0.5, 35, value: 35, commits: 1, 0.37, volume: 0.37, 100, value: 100, commits: 2, 25, value: 100, commits: 2, 20, row b: 40, 40, 70, ax "slider/Level")
sliders-compose: PASS (5s)
== tasks-compose ==
UI hierchary dumped to: /sdcard/kaya-shade.xml
tasks-compose: notify_tap #1 try 1 -> tapped 'Buy milk' at 94,245 on dump 1 in 2854ms
tasks-compose: draganddrop #1 try 1 67 240 64 172 4500ms (asked 1500ms, one-minute load 94.15) -> started after 581ms, 8 of 8 moves 562ms apart in 5516ms
09-23 16:48:40.311 30810 30833 I kaya    : KAYA_SELFTEST: ACT 1 OK (title "tasks", 5 sections, section "Inbox", section "Inbox" symbol "home", 2 in inbox, Buy milk, column@inbox_list spans its breadth, row@task[t1] fills, Call the plumber, , sheets 0, sheets 1, sheet "New task", sheets 0, 3 in inbox, Buy oat milk, placeholder "Search", 1 of 3 match, Buy oat milk, column@inbox_list window 0 1, , 3 in inbox, column@inbox_list window 0 3, section "Today", section "Today" symbol "star", 2 today, section "Today" badge 2, Draft chapter 3, Mon, Sep 7, Thesis, Mon, Sep 7, 1 today, section "Today" badge 1, entries 1, 2 done, Draft chapter 3, 1 done, entries 0, 2 today, section "Today" badge 2, section "Upcoming", 2 upcoming, Wed, Sep 9, Trip, Sat, Sep 12, Thesis, section "Anytime", 2 anytime, due Wed, Sep 30, Trip, Kitchen, entries 1, , textarea@notes spans its breadth, ax "datetime/When: none", placeholder "Notes", href "https://example.com/tasks/t2", ax "link/Reference", ax "datetime/When: Tue, Sep 8", entries 0, date_picker@when names no widget, 2 in inbox, entries 1, ax "datetime/Reminder: 8:30 AM", notification 1 "Buy milk", no notification 1, ax "datetime/Reminder: 9:30 AM", notification 1 "Buy milk", entries 0, entries 1, href "https://example.com/tasks/t1", no notification 1, entries 0, time_picker@reminder names no widget, 3 upcoming, Tue, Sep 8, section "Projects", Trip, 2 tasks, entries 1, Book the flights|Renew passport, Renew passport|Book the flights, sheets 1, sheet "New task", sheets 0, Renew passport|Book the flights|Pack chargers, entries 0, 3 tasks, 3 anytime, Trip, entries 1, entries 0, 1 in inbox, menu "Edit>Undo" enabled, 2 in inbox, Buy milk, entries 1, Week starts Monday; badge shown; completed move to Logbook, ax "switch/Hide the Today badge", Week starts Sunday; badge hidden; completed move to Logbook, section "Today" badge 0, Week starts Sunday; badge hidden; completed stay in place, appearance dark, appearance system, entries 0, 4 anytime, Kitchen, entries 1, notification 1 "Buy milk", entries 0, relaunch through notification 1)
tasks-compose: act one's process is gone; the door is notification 1 'Buy milk'
UI hierchary dumped to: /sdcard/kaya-shade.xml
tasks-compose: door notify_tap -> tapped 'Buy milk' at 94,245 on dump 1
tasks-compose: two acts — ACT 1 OK + KAYA_SELFTEST: OK (entries 1, href "https://example.com/tasks/t1")
tasks-compose: PASS (25s)
== taskspersist-compose ==
09-23 16:48:54.150 10757 10778 I kaya    : KAYA_SELFTEST: ACT 1 OK (title "tasks", section "Inbox", 2 in inbox, sheets 1, sheets 0, 3 in inbox, Water the plants, entries 1, Week starts Monday; badge shown; completed move to Logbook, Week starts Sunday; badge shown; completed move to Logbook, appearance dark, entries 0, relaunch through a plain launch)
taskspersist-compose: act one's process is gone; the door is a plain launch of dev.kaya.rusthost/.MainActivity
taskspersist-compose: door launch -> am start exit 0
taskspersist-compose: two acts — ACT 1 OK + KAYA_SELFTEST: OK (title "tasks", section "Inbox", 3 in inbox, Water the plants, appearance dark, entries 1, Week starts Sunday; badge shown; completed move to Logbook, entries 0, pref week_start "1", no pref hide_badge)
taskspersist-compose: PASS (12s)
== tooltips-compose ==
09-23 16:48:50.381 28748 28770 I kaya    : KAYA_SELFTEST: OK (help "Saves the draft to disk", help "Your full name as it appears on the card", help "How loud the preview plays", ax hint "discard every change", help "Your name, as saved", help "The first account, opened in March", help "The second account, opened in May")
tooltips-compose: PASS (5s)
== search-compose ==
09-23 16:48:51.868 30392 30414 I kaya    : KAYA_SELFTEST: OK (placeholder "Search", 4 items, apple|banana|cherry|mango, search@find focused, 2 of 4 match, banana|mango, 1 of 4 match, mango, , search@find focused, 4 items, apple|banana|cherry|mango, 1 of 4 match, cherry, ax "field/Find items")
search-compose: PASS (7s)
== notify-compose ==
UI hierchary dumped to: /sdcard/kaya-shade.xml
notify-compose: notify_tap #1 try 1 -> tapped 'Call the plumber' at 118,245 on dump 1 in 3670ms
09-23 16:49:03.867 31150 31172 I kaya    : KAYA_SELFTEST: OK (ready, posted 1, notification 12 "Call the plumber", activated 12, no notification 12, posted 2, notification 12 "Call the plumber", cleared, no notification 12)
notify-compose: PASS (6s)
== links-compose ==
09-23 16:49:09.065 28811 28833 I kaya    : KAYA_SELFTEST: ACT 1 OK (title "tasks", entries 1, href "https://example.com/tasks/t2", entries 0, section "Today", section "Inbox", no task named nope, section "Inbox", no route for dev.kaya.aurora.notes://nothing/here, relaunch through the link dev.kaya.aurora.notes://task/t1)
links-compose: act one's process is gone; the door is a link dev.kaya.aurora.notes://task/t1
links-compose: door link -> am start exit 0
links-compose: two acts — ACT 1 OK + KAYA_SELFTEST: OK (entries 1, href "https://example.com/tasks/t1")
links-compose: PASS (7s)
== richtext-compose ==
09-23 16:49:10.211 30483 30505 I kaya    : KAYA_SELFTEST: OK (runs "", edit "", runs "0:6 bold|7:12 link=https://kaya.dev|13:24 block=heading2", 0:6 bold|7:12 link=https://kaya.dev|13:24 block=heading2, runs "0:6 bold|8:11 italic|12:17 link=https://kaya.dev|18:29 block=heading2", 0:6 bold|8:11 italic|12:17 link=https://kaya.dev|18:29 block=heading2, format 12:17 underline=true, runs "0:6 bold|8:11 italic|12:17 link=https://kaya.dev|12:17 underline|18:29 block=heading2", 0:6 bold|8:11 italic|12:17 link=https://kaya.dev|12:17 underline|18:29 block=heading2, format 12:17 underline=off, runs "0:6 bold|8:11 italic|12:17 link=https://kaya.dev|18:29 block=heading2", format 12:17 code=true, runs "0:6 bold|8:11 italic|12:17 code|12:17 link=https://kaya.dev|18:29 block=heading2", expect_highlights , format 12:17 code=off, runs "0:6 bold|8:11 italic|12:17 link=https://kaya.dev|18:29 block=heading2", format 0:6 bold=off, runs "8:11 italic|12:17 link=https://kaya.dev|18:29 block=heading2", format 0:17 block=heading1, runs "0:17 block=heading1|8:11 italic|12:17 link=https://kaya.dev|18:29 block=heading2", 0:17 block=heading1|8:11 italic|12:17 link=https://kaya.dev|18:29 block=heading2, format 0:17 block=off, runs "8:11 italic|12:17 link=https://kaya.dev|18:29 block=heading2", 8:11 italic|12:17 link=https://kaya.dev|18:29 block=heading2, runs "0:17 block=heading1|8:11 italic|12:17 link=https://kaya.dev|18:29 block=heading2", textarea#0 focused, edit "29:29 <x> user [0:1 block=heading2]", edit 29:29 <x> user [0:1 block=heading2], runs "0:17 block=heading1|8:11 italic|12:17 link=https://kaya.dev|18:30 block=heading2", 0:17 block=heading1|8:11 italic|12:17 link=https://kaya.dev|18:30 block=heading2, edit 29:29 <x> user [0:1 block=heading2], edit "30:30 <y> user [0:1 block=heading2|0:1 bold]", runs "0:17 block=heading1|8:11 italic|12:17 link=https://kaya.dev|18:31 block=heading2|30:31 bold", 0:17 block=heading1|8:11 italic|12:17 link=https://kaya.dev|18:31 block=heading2|30:31 bold, edit "31:31 <\n> user [0:1 bold]", edit "32:32 <z> user [0:1 bold]", runs "0:17 block=heading1|8:11 italic|12:17 link=https://kaya.dev|18:31 block=heading2|30:33 bold", 0:17 block=heading1|8:11 italic|12:17 link=https://kaya.dev|18:31 block=heading2|30:33 bold, edit "33:33 <w> user [0:1 bold]", runs "0:17 block=heading1|8:11 italic|12:17 link=https://kaya.dev|18:31 block=heading2|30:34 bold", runs "0:17 block=heading1|8:11 italic|12:17 link=https://kaya.dev|18:31 block=heading2|30:34 bold", runs "0:17 block=heading1|8:11 italic|12:17 link=https://kaya.dev|18:31 block=heading2|30:34 bold", 2:19 block=heading1|10:13 italic|14:19 link=https://kaya.dev|20:33 block=heading2|32:36 bold)
richtext-compose: PASS (6s)
== ownundo-compose ==
09-23 16:49:09.133 10907 10929 I kaya    : KAYA_SELFTEST: OK (menu "Edit>Undo" disabled, menu "Edit>Redo" disabled, undo 0 redo 0, textarea#1 focused, undo 1 redo 0, undo 2 redo 0, menu "Edit>Undo" enabled, menu "Edit>Redo" disabled, a, undo 1 redo 1, menu "Edit>Redo" enabled, ab, undo 2 redo 0, menu "Edit>Redo" disabled, , undo 0 redo 2, menu "Edit>Undo" disabled, textarea#0 focused, x, menu "Edit>Undo" enabled, , undo 0 redo 2, textarea#1 focused, menu "Edit>Redo" enabled, a, undo 1 redo 1)
ownundo-compose: PASS (5s)
== richlabel-compose ==
09-23 16:49:07.282 31261 31283 I kaya    : KAYA_SELFTEST: OK (, runs "", Héllo world, code, runs "0:6 bold|7:12 link=https://kaya.dev|14:18 code", 0:6 bold|7:12 link=https://kaya.dev|14:18 code, Heading with italic, runs "13:19 italic", Héllo, big world, code, runs "0:6 bold|8:11 italic|12:17 link=https://kaya.dev|19:23 code", 0:6 bold|8:11 italic|12:17 link=https://kaya.dev|19:23 code, runs "1:4 italic|3:6 bold|8:11 italic|12:17 link=https://kaya.dev|19:23 code", 1:4 italic|3:6 bold|8:11 italic|12:17 link=https://kaya.dev|19:23 code, Héllo, big world, code)
richlabel-compose: PASS (3s)
== notes-compose ==
09-23 16:49:11.196 31323 31344 I kaya    : KAYA_SELFTEST: OK (peer 0 undo 0 redo 0, textarea#0 focused, abc, peer 0 undo 1 redo 0, runs "0:3 bold", 0:3 bold, 0:3 bold, expect_selection 0:3=abc, Hi, abc, runs "0:7 bold", 0:7 bold, 0:7 bold, expect_selection 4:7=abc, peer 1 undo 3 redo 0, abc, runs "0:3 bold", 0:3 bold, expect_selection 0:3=abc, abcd, edit "3:3 <d> user [0:1 bold]", runs "0:4 bold", abcZd, runs "0:5 bold", 0:5 bold, peer 3 undo 6 redo 0, menu "Edit>Undo" enabled, menu "Edit>Redo" disabled, abcd, peer 3 undo 5 redo 1, abc, runs "0:3 bold", 0:3 bold, menu "Edit>Redo" enabled, abcd, peer 3 undo 5 redo 1, runs "0:4 bold|1:4 italic", 0:4 bold|1:4 italic, 0:4 bold|1:4 italic, peer 4 undo 6 redo 0, runs "1:4 italic|2:4 bold", 1:4 italic|2:4 bold, 1:4 italic|2:4 bold, abcd, peer 5 undo 7 redo 0, 👋ax, edit "5:5 <x> user []")
notes-compose: PASS (3s)
== richrows-compose ==
09-23 16:49:36.784 10986 11008 I kaya    : KAYA_SELFTEST: OK (runs "0:6 bold", Héllo world, runs "7:11 link=https://kaya.dev", Second note, runs "0:7 italic", Patched, runs "0:6 bold", menu "Edit>Undo" enabled, runs "7:11 link=https://kaya.dev", Second note, Second note | 7:11 link=https://kaya.dev, runs "0:7 italic", Patched, Patched | 0:7 italic, runs "0:6 bold|0:5 italic", a: 0:6 bold|0:5 italic, Héllo world | 0:6 bold|0:5 italic)
richrows-compose: PASS (6s)
== sheet-compose ==
09-23 16:49:40.914 30570 30592 I kaya    : KAYA_SELFTEST: OK (sheets 0, closed, sheets 1, sheet "new task", what needs doing?, draft: milk, sheets 0, dismissed, sheets 1, sheet "new task", dismiss requested, sheets 1, sheets 2, sheet "details", more about it, sheets 1, details dismissed, sheet "new task", sheets 0, done, sheets 1, sheet detent medium, sheets 0)
sheet-compose: PASS (10s)
== format-compose ==
09-23 16:49:34.448 31406 31428 I kaya    : KAYA_SELFTEST: OK (9/7/26, Sep 7, 2026, September 7, 2026, 8:30 AM, Sep 7, 2026, 8:30:00 AM, 1,234,567.891, 26%, $1,234,567.89, one item, 3 items, Hello, Ada, direction ltr, root fills)
format-compose: PASS (3s)
== formatde-compose ==
09-23 16:49:34.629 28941 28963 I kaya    : KAYA_SELFTEST: OK (locale de-DE, 07.09.2026, 08:30, 1.234.567,891, 1.234.567,89 $, label#2 in Latn, ein Element, 3 Elemente, Hallo, Ada, de-DE, direction ltr)
formatde-compose: PASS (4s)
== formatar-compose ==
09-23 16:49:39.487 31469 31490 I kaya    : KAYA_SELFTEST: OK (locale ar-EG, ٠٧‏/٠٩‏/٢٠٢٦, ٧ سبتمبر ٢٠٢٦, ٨:٣٠ ص, ١٬٢٣٤٬٥٦٧٫٨٩١, ‏١٬٢٣٤٬٥٦٧٫٨٩ US$, label#2 in Arab, عنصر واحد, مرحبًا، Ada, ar-EG, direction rtl, row#0 mirrored)
formatar-compose: PASS (5s)
== tasksrtl-compose ==
09-23 16:49:48.669 29001 29023 I kaya    : KAYA_SELFTEST: OK (locale ar-EG, direction rtl, title "tasks", 5 sections, section "الوارد", section "الوارد" symbol "home", ٢ في الوارد, Buy milk, row@task[t1] mirrored, , sheets 0, sheets 1, sheet "مهمة جديدة", sheets 0, ٣ في الوارد, Buy oat milk, placeholder "بحث", ١ من ٣ مطابقة, ٣ في الوارد, section "اليوم", ٢ اليوم, الاثنين، ٧ سبتمبر, Thesis, label@caption[t3] in Arab, الاثنين، ٧ سبتمبر, ١ اليوم, entries 1, ٢ منجزة, ١ منجزة, entries 0, section "القادمة", ٢ قادمة, الأربعاء، ٩ سبتمبر, Trip, section "في أي وقت", ٢ في أي وقت, مستحق الأربعاء، ٣٠ سبتمبر, Trip, entries 1, ax "datetime/متى: بلا", placeholder "ملاحظات", ax "link/مرجع", ax "datetime/متى: الثلاثاء، ٨ سبتمبر", entries 0, ٣ قادمة, الثلاثاء، ٨ سبتمبر, section "المشاريع", مهمتان, entries 1, Book the flights|Renew passport, entries 0, entries 1, entries 0, ١ في الوارد, ٢ في الوارد, entries 1, يبدأ الأسبوع الاثنين؛ الشارة ظاهرة؛ المنجزة تنتقل إلى السجل, ax "switch/إخفاء شارة اليوم", entries 0)
tasksrtl-compose: PASS (13s)
prefs-compose: OK (the real domain dev.kaya.aurora.notes.xml is on none of 5 device(s))
TIMING legs-compose 346s
    Building arm64-v8a (aarch64-linux-android)
   Compiling kaya v0.0.0 (/Users/akhilindurti/Projects/kaya/crates/kaya)
warning: variable does not need to be mutable
    --> crates/kaya/src/android.rs:1848:5
     |
1848 |     mut env: JNIEnv<'local>,
     |     ----^^^
     |     |
     |     help: remove this `mut`
     |
     = note: `#[warn(unused_mut)]` (part of `#[warn(unused)]`) on by default

warning: function `exit_hard` is never used
   --> crates/kaya/src/lib.rs:258:15
    |
258 | pub(crate) fn exit_hard(code: i32) -> ! {
    |               ^^^^^^^^^
    |
    = note: `#[warn(dead_code)]` (part of `#[warn(unused)]`) on by default

warning: function `text_scale_override` is never used
   --> crates/kaya/src/fmt.rs:215:15
    |
215 | pub(crate) fn text_scale_override() -> Option<f64> {
    |               ^^^^^^^^^^^^^^^^^^^

warning: function `window_frame_key` is never used
   --> crates/kaya/src/prefs.rs:230:15
    |
230 | pub(crate) fn window_frame_key(window: u64) -> String {
    |               ^^^^^^^^^^^^^^^^

warning: function `window_frame` is never used
   --> crates/kaya/src/prefs.rs:237:15
    |
237 | pub(crate) fn window_frame(window: u64) -> Option<String> {
    |               ^^^^^^^^^^^^

warning: function `set_window_frame` is never used
   --> crates/kaya/src/prefs.rs:244:15
    |
244 | pub(crate) fn set_window_frame(window: u64, frame: &str) {
    |               ^^^^^^^^^^^^^^^^

warning: struct `PathSource` is never constructed
   --> crates/kaya/src/protocol.rs:204:12
    |
204 | pub struct PathSource {
    |            ^^^^^^^^^^

warning: struct `SaveDestination` is never constructed
   --> crates/kaya/src/protocol.rs:245:12
    |
245 | pub struct SaveDestination {
    |            ^^^^^^^^^^^^^^^

warning: `kaya` (lib) generated 8 warnings (run `cargo fix --lib -p kaya` to apply 1 suggestion)
    Finished `dev` profile [unoptimized + debuginfo] target(s) in 11.07s
identity: 5 launcher mipmaps inside javahost-debug.apk, every one the arm's own bytes
links: dev.kaya.javahost claims dev.kaya.aurora.notes:// with launchMode=singleTask
assets: 19 files inside javahost-debug.apk under assets/kaya/, every one byte-equal to the tree
TIMING build-jvm 17s
exclusive: android waits to admit ranges-jvm — lane=linux leg=dndwitness-out-x11 pid=1 scope=container host=67d1fe015afe start=1790207470 holds
exclusive: android waited 5.9s to admit ranges-jvm
exclusive: android holds for dnd-jvm
exclusive: android released after dnd-jvm (50.9s held)
== stage-jvm-emulator-5554 ==
stage-jvm-emulator-5554: OK
== stage-jvm-emulator-5556 ==
stage-jvm-emulator-5556: OK
== stage-jvm-emulator-5558 ==
stage-jvm-emulator-5558: OK
== stage-jvm-emulator-5560 ==
stage-jvm-emulator-5560: OK
stage-jvm: OK (4/4 targets)
== jvm ==
09-23 16:50:13.135 11124 11146 I kaya    : KAYA_SELFTEST: OK (step 0, step 1, step 2, removed g2/a, 0 left)
jvm: PASS (3s)
== a11y-jvm ==
09-23 16:50:13.371 31563 31615 I kaya    : KAYA_SELFTEST: OK (ax "button/Save", ax "checkbox/Details", ax "button/Reset", ax "label/Ready", ax "field/Full name", ax "field/Notes", ax "slider/Volume", ax "progress/Loading", ax "image/Logo", ax hint "save the draft", ax hint "show more detail", ax "combobox/Color", ax "group/Size", ax "group/Form", ax "group/Cells", ax "group/Feed", ax "group/Actions", ax "button/Cancel", ax "button/OK", ax "label/Before", ax "label/After")
a11y-jvm: PASS (3s)
== entry-jvm ==
09-23 16:50:13.675 30735 30757 I kaya    : KAYA_SELFTEST: OK (no todos, added milk, 1 total, , entry#0 focused, nothing to add, 1 total)
entry-jvm: PASS (4s)
== gallery-jvm ==
09-23 16:50:14.186 29187 29212 I kaya    : KAYA_SELFTEST: OK (urgent: false, urgent: true, volume: 75%, 2x2, 0x0, volume: 75%, ax "slider/Level", placeholder "Search")
gallery-jvm: PASS (4s)
== todos-jvm ==
09-23 16:50:17.545 11187 11211 I kaya    : KAYA_SELFTEST: OK (0 items left, 1 item left, , entry#0 focused, menu "Edit>Undo" enabled, 0 items left, menu "Edit>Redo" enabled, 1 item left, 0 items left)
todos-jvm: PASS (4s)
== remount-jvm ==
09-23 16:50:17.578 31654 31676 I kaya    : KAYA_SELFTEST: OK (0 items left, 1 item left, , entry#0 focused, menu "Edit>Undo" enabled, 0 items left, menu "Edit>Redo" enabled, 1 item left, 0 items left)
remount-jvm: PASS (4s)
== reorder-jvm ==
09-23 16:50:16.700 30807 30828 I kaya    : KAYA_SELFTEST: OK (a|b|c, b|c|a, a|b|c)
reorder-jvm: PASS (3s)
== feed-jvm ==
09-23 16:50:17.628 29261 29282 I kaya    : KAYA_SELFTEST: OK (jot one|jot two, 0 done, 1 done, jot two, 2 done, 1 done)
feed-jvm: PASS (3s)
== grow-jvm ==
09-23 16:50:20.594 30868 30889 I kaya    : KAYA_SELFTEST: OK (grow probe, root fills, column#0 fills, row#0 fills, textarea#0 fills, label#1 fills, button#0 fills, 25,50,25, 25,75)
grow-jvm: PASS (3s)
== align-jvm ==
09-23 16:50:21.433 29322 29345 I kaya    : KAYA_SELFTEST: OK (align probe, column@root aligns stretch, column@centered aligns center, row@baseline aligns baseline, column@fitcol aligns stretch, column@fitcol fills, plain probe, row@plain aligns center, textarea@optout hugs, button@fills spans its breadth, row@wrapped lines 2, row@plain lines 1)
align-jvm: PASS (3s)
== layout-jvm ==
09-23 16:50:21.335 31732 31755 I kaya    : KAYA_SELFTEST: OK (Layout probe, deep)
layout-jvm: PASS (3s)
== stall-jvm ==
09-23 16:50:26.122 11262 11284 I kaya    : KAYA_SELFTEST: OK (ready, pinged, the app thread is keeping up, stalled 1016ms)
stall-jvm: PASS (7s)
== confirm-jvm ==
09-23 16:50:25.633 30923 30944 I kaya    : KAYA_SELFTEST: OK (no decision, alert "delete item?", deleted, alert "delete item?", archived, alert "delete item?", kept, alert "eject disk?", ejected, alert "eject disk?", held, alerts 0)
confirm-jvm: PASS (5s)
== nav-jvm ==
09-23 16:50:25.669 31789 31810 I kaya    : KAYA_SELFTEST: OK (entries 0, title "nav", entries 1, title "detail", detail pane, entries 0, popped detail, title "nav", entries 1, title "settings", entries 0, back requested, title "nav")
nav-jvm: PASS (4s)
== scroll-jvm ==
09-23 16:50:25.513 29378 29400 I kaya    : KAYA_SELFTEST: OK (scroll#0 spans its breadth, scroll#0 overflows, at top, scroll#0 at end, bottom clicked)
scroll-jvm: PASS (4s)
== progress-jvm ==
09-23 16:50:27.861 29436 29457 I kaya    : KAYA_SELFTEST: OK (25%, indeterminate)
progress-jvm: PASS (2s)
== select-jvm ==
09-23 16:50:28.705 31850 31872 I kaya    : KAYA_SELFTEST: OK (Red, picked: Red, Blue, picked: Blue, Green, picked: Green)
select-jvm: PASS (3s)
== radio-jvm ==
09-23 16:50:29.259 11343 11366 I kaya    : KAYA_SELFTEST: OK (Small, size: Small, Large, size: Large, Medium, size: Medium)
radio-jvm: PASS (3s)
== grid-jvm ==
09-23 16:50:28.689 30999 31021 I kaya    : KAYA_SELFTEST: OK (Name:, Ada Lovelace, Role:, Engine programmer, grid#0 columns 2, root fills, row#0 fills)
grid-jvm: PASS (2s)
== textarea-jvm ==
09-23 16:50:31.513 29493 29513 I kaya    : KAYA_SELFTEST: OK (0 lines, first line
textarea-jvm: PASS (4s)
== search-jvm ==
09-23 16:50:32.645 31056 31079 I kaya    : KAYA_SELFTEST: OK (placeholder "Search", 4 items, apple|banana|cherry|mango, search@find focused, 2 of 4 match, banana|mango, 1 of 4 match, mango, , search@find focused, 4 items, apple|banana|cherry|mango, 1 of 4 match, cherry, ax "field/Find items")
search-jvm: PASS (4s)
== sections-jvm ==
09-23 16:50:33.288 31911 31932 I kaya    : KAYA_SELFTEST: OK (2 sections, sections bar, section "Feed" symbol "home", section "Archive" symbol "star", section "Feed", feed ready, section "Archive", archive: 1 visits, section "Feed", section "Archive", archive: 1 visits, archive: 2 visits)
sections-jvm: PASS (4s)
== menus-jvm ==
09-23 16:50:35.633 11406 11427 I kaya    : KAYA_SELFTEST: OK (ready, 3 menus, menu "File>Save" disabled, menu "File>Export" disabled, menu "File>Save" symbol "done", menu "File>Export" symbol "forward", menu "View>Details" symbol "info", menu "View>Details" unchecked, menu "Sort" value 0, menu "View>Details" checked, details on, menu "Sort" value 1, sorted date, menu "File>Save" enabled, menu "File>Export" enabled, menu "View>Details" checked, menu "Sort" value 1, saved, menu "View>Details" unchecked, menu "Sort" value 0, ready, saved, renamed, removed g2/a, 4 menus, menu "Document>Publish" enabled, menu "Tools>Inspect" enabled, menu "Document>Publish" symbol "copy", menu "Tools>Inspect" symbol "search", shared, presentation fits)
menus-jvm: PASS (6s)
== toolbar-jvm ==
09-23 16:50:34.992 29559 29580 I kaya    : KAYA_SELFTEST: OK (ready, toolbar, toolbar item Save done, toolbar item Find search, toolbar item Save enabled, toolbar item Save disabled, menu "File>Save" disabled, toolbar item Save enabled, menu "File>Save" enabled)
toolbar-jvm: PASS (3s)
== identity-jvm ==
09-23 16:50:36.076 31127 31149 I kaya    : KAYA_SELFTEST: OK (identity, app icon E01B24/33D17A/1C71D8/F6D32D, toolbar, toolbar item Save done, title "identity", clicked hi, app icon E01B24/33D17A/1C71D8/F6D32D)
identity-jvm: PASS (3s)
== listdetail-jvm ==
09-23 16:50:37.485 31981 32003 I kaya    : KAYA_SELFTEST: OK (entries 0, split fits, entries 1, list pane, detail pane, split fits, ax "label/detail pane")
listdetail-jvm: PASS (4s)
== commands-jvm ==
09-23 16:50:39.356 29620 29641 I kaya    : KAYA_SELFTEST: OK (ready, 2 menus, menu "File>Settings…" enabled, menu "View>Details" unchecked, menu "View>Sort" value 0, menu "View>Details" checked, details on, menu "View>Sort" value 1, sorted date, settings 1, settings 2)
commands-jvm: PASS (4s)
== clipboard-jvm ==
09-23 16:50:42.750 11492 11516 I kaya    : KAYA_SELFTEST: OK (ready, copied, clipboard text "kaya clip", clipboard html "<b>kaya</b> clip", clipboard dev.kaya/note "note=1", clipboard image "4x4", custom dev.kaya/note note=1, text från ett annat program, empty, image, clipboard image "4x4", files pasted.txt pasted bytes, entry#0 focused, pasted pasted by hand, , entry#1 focused, pasted by hand, , ax "field/pasted by hand", entry#2 focused, row r1 pasted pasted by hand, )
clipboard-jvm: PASS (7s)
== background-jvm ==
09-23 16:50:40.278 31192 31214 I kaya    : KAYA_SELFTEST: OK (idle, working, alive, working, 123, acb, ax "label/acb")
background-jvm: PASS (3s)
== undo-jvm ==
09-23 16:50:46.631 32050 32072 I kaya    : KAYA_SELFTEST: OK (no todos, history empty, no keys, menu "Edit>Undo" disabled, menu "Edit>Redo" disabled, entry#0 focused, milk, menu "Edit>Undo" enabled, added milk, 1 total, keys 1, , no todos, undid add milk, 0 total, no keys, , added milk, 1 total, redid add milk, 1 total, keys 1, , tea, starred, teas, tea, menu "Edit>Redo" enabled, teas, redid typing, 1 total, tea, undid typing, 1 total, added milk, 1 total, undid star, 1 total, , undid typing, 1 total, nothing to add, 1 total, tea, redid typing, 1 total, added tea, 2 total, keys 1,2, , nothing to add, 1 total, undid add tea, 1 total, keys 1, added tea, 2 total, redid add tea, 2 total, keys 1,2, removed milk, 1 total, keys 2, added tea, 2 total, undid remove milk, 2 total, keys 1,2, removed milk, 1 total, redid remove milk, 1 total, keys 2, added jam, 2 total, keys 2,3, notes 3=ha, undid typing, 2 total, no notes, , redid typing, 2 total, notes 3=ha, ha)
undo-jvm: PASS (9s)
== filedialog-jvm ==
09-23 16:50:51.430 29698 29758 I kaya    : KAYA_SELFTEST: OK (no file, file dialog "kaya-picked-29698" [decoy.txt, picked.txt], reading, 1 picked bytes, file dialog "kaya-picked-29698" [decoy.txt, picked.txt], cancelled, ax "label/cancelled")
filedialog-jvm: PASS (12s)
== remount-filedialog-jvm ==
09-23 16:50:51.642 31266 31325 I kaya    : KAYA_SELFTEST: OK (no file, file dialog "kaya-picked-31266" [decoy.txt, picked.txt], reading, 1 picked bytes, file dialog "kaya-picked-31266" [decoy.txt, picked.txt], cancelled, ax "label/cancelled")
remount-filedialog-jvm: PASS (11s)
== table-jvm ==
09-23 16:50:46.375 11589 11611 I kaya    : KAYA_SELFTEST: OK (Name|Size, column#0 column edges 2, column#0 fills, banana,30|apple,10|cherry,20, Name|Size ^0, column#0 column edges 2, apple,10|banana,30|cherry,20, Name|Size v0, column#0 column edges 2, cherry,20|banana,30|apple,10, Name|Size ^1, column#0 column edges 2, apple,10|cherry,20|banana,30)
table-jvm: PASS (3s)
== save-jvm ==
09-23 16:50:57.097 11663 11725 I kaya    : KAYA_SELFTEST: OK (no file, nothing open to save, nothing to reopen, file dialog "kaya-save-11663" [decoy, draft], opened first draft, nothing to reopen, saved second draft, save dialog "kaya-save-11663" "copy", save cancelled, save dialog "kaya-save-11663" "copy", save dialog "kaya-save-11663" "final", saved third draft, reopened second draft third draft, ax "label/reopened second draft third draft")
save-jvm: PASS (11s)
== dirty-jvm ==
09-23 16:50:50.478 32146 32167 I kaya    : KAYA_SELFTEST: OK (notes, saved, title "dirty", dirty false, notes and a line, unsaved, dirty true, saved, dirty false, unsaved, dirty true, title "dirty")
dirty-jvm: PASS (3s)
== ranges-jvm ==
09-23 16:51:02.749 32222 32245 I kaya    : KAYA_SELFTEST: OK (0 matches, expect_highlights , 3 matches, expect_highlights 57:62=alpha|203:208=alpha|753:758=alpha, expect_selection 203:208=alpha, 753:758 offscreen, 753:758 visible, expect_highlights 57:62=alpha|203:208=alpha|753:758=alpha, expect_selection 203:208=alpha, textarea#0 focused, 0 matches, expect_highlights , expect_selection 820:820=, 3 matches)
ranges-jvm: PASS (5s)
== styling-jvm ==
09-23 16:51:00.559 29933 29954 I kaya    : KAYA_SELFTEST: OK (Sections, ax "heading/Sections", inset 0, ready, captioned, ax "button/Delete", ax "button/Save", deleted, saved)
styling-jvm: PASS (3s)
== typeface-jvm ==
09-23 16:51:01.346 31505 31526 I kaya    : KAYA_SELFTEST: OK (typeface, typeface Sora, clicked hi, ax "heading/typeface")
typeface-jvm: PASS (4s)
== assets-jvm ==
09-23 16:51:01.723 11915 11936 I kaya    : KAYA_SELFTEST: OK (assets, 2x2, kaya: no asset named "icons/nope.png"; the package carries fonts/OFL.txt, fonts/README.md, fonts/sora-wght.ttf, icons/README.md, icons/kaya-mark.png, identity.toml, images/README.md, images/a11y-logo.png, l10n/README.md, l10n/format.ar.ftl, l10n/format.de.ftl, l10n/format.en.ftl, l10n/tasks.ar.ftl, l10n/tasks.en.ftl, market/README.md, market/prices.csv, market/transactions.csv, win/README.md, win/minimal-resources.pri, icons/kaya-mark.png present, fonts/sora-wght.ttf: 111400 bytes, no complaint)
assets-jvm: PASS (3s)
== dnd-jvm ==
dnd-jvm: draganddrop #1 try 1 96 64 104 104 4500ms (asked 1500ms, one-minute load 191.59) -> started after 409ms, 8 of 8 moves 562ms apart in 5386ms
dnd-jvm: draganddrop #2 try 1 295 120 86 104 4500ms (asked 1500ms, one-minute load 178.17) -> started after 594ms, 8 of 8 moves 562ms apart in 5515ms
dnd-jvm: draganddrop #3 try 1 96 64 273 64 4500ms (asked 1500ms, one-minute load 164.62) -> started after 589ms, 8 of 8 moves 562ms apart in 5551ms
dnd-jvm: draganddrop #4 try 1 267 120 75 104 4500ms (asked 1500ms, one-minute load 152.16) -> started after 585ms, 8 of 8 moves 562ms apart in 5505ms
dnd-jvm: draganddrop #5 try 1 96 64 105 152 4500ms (asked 1500ms, one-minute load 129.75) -> started after 563ms, 8 of 8 moves 562ms apart in 5550ms
dnd-jvm: draganddrop #6 try 1 96 64 106 128 4500ms (asked 1500ms, one-minute load 119.52) -> started after 427ms, 8 of 8 moves 562ms apart in 5445ms
dnd-jvm: draganddrop #7 try 1 40 176 40 52 4500ms (asked 1500ms, one-minute load 110.27) -> started after 426ms, 8 of 8 moves 562ms apart in 5535ms
dnd-jvm: draganddrop #8 try 1 40 120 40 188 4500ms (asked 1500ms, one-minute load 101.60) -> started after 419ms, 8 of 8 moves 562ms apart in 5502ms
09-23 16:51:53.175 29992 30016 I kaya    : KAYA_SELFTEST: OK (no drop yet, no drag yet, text target got text hello (copy), drag ended copy, hello, x|y, text target got text y (copy), item y drag ended copy, y, item x got text hello (copy), drag ended copy, yy, text target got text yy (copy), yy, drag ended none, note target got dev.kaya/note 5 bytes (move), drag ended move, moved out, a|b|c, c|a|b, row c drag ended move, c|b|a, row a drag ended move)
dnd-jvm: PASS (50s)
== pickers-jvm ==
09-23 16:51:58.967 31567 31590 I kaya    : KAYA_SELFTEST: OK (2026-09-04, 14:30, date: none, time: none, date: 2026-09-05, 2026-09-05, 2026-12-31, date: 2026-12-31, 2026-01-01, date: 2026-01-01, date: 2026-09-05, 10:00, time: 10:00, 2026-03-01, 09:00, date: 2026-09-05, time: 10:00, 2026-11-20, row b: 2026-10-10, 2026-10-10, 2026-10-01, ax "datetime/Due", ax "datetime/At")
pickers-jvm: PASS (5s)
== sliders-jvm ==
09-23 16:51:57.940 11973 11996 I kaya    : KAYA_SELFTEST: OK (50, 0.5, value: 50, commits: 0, volume: 0.5, 35, value: 35, commits: 1, 0.37, volume: 0.37, 100, value: 100, commits: 2, 25, value: 100, commits: 2, 20, row b: 40, 40, 70, ax "slider/Level")
sliders-jvm: PASS (4s)
== tooltips-jvm ==
09-23 16:51:56.916 32298 32320 I kaya    : KAYA_SELFTEST: OK (help "Saves the draft to disk", help "Your full name as it appears on the card", help "How loud the preview plays", ax hint "discard every change", help "Your name, as saved", help "The first account, opened in March", help "The second account, opened in May")
tooltips-jvm: PASS (3s)
== sheet-jvm ==
09-23 16:52:00.214 30616 30639 I kaya    : KAYA_SELFTEST: OK (sheets 0, closed, sheets 1, sheet "new task", what needs doing?, draft: milk, sheets 0, dismissed, sheets 1, sheet "new task", dismiss requested, sheets 1, sheets 2, sheet "details", more about it, sheets 1, details dismissed, sheet "new task", sheets 0, done, sheets 1, sheet detent medium, sheets 0)
sheet-jvm: PASS (7s)
== format-jvm ==
09-23 16:51:59.714 32358 32378 I kaya    : KAYA_SELFTEST: OK (9/7/26, Sep 7, 2026, September 7, 2026, 8:30 AM, Sep 7, 2026, 8:30:00 AM, 1,234,567.891, 26%, $1,234,567.89, one item, 3 items, Hello, Ada, direction ltr, root fills)
format-jvm: PASS (2s)
== formatde-jvm ==

formatde-jvm: kept a device screenshot (275308 bytes; app already gone at the shot)
leg device: emulator-5554
09-23 16:51:59.702 12045 12045 E AndroidRuntime: FATAL EXCEPTION: main
--------- beginning of crash
09-23 16:51:59.702 12045 12045 E AndroidRuntime: FATAL EXCEPTION: main
09-23 16:51:59.702 12045 12045 E AndroidRuntime: Process: dev.kaya.javahost, PID: 12045
09-23 16:51:59.702 12045 12045 E AndroidRuntime: java.lang.RuntimeException: Unable to start activity ComponentInfo{dev.kaya.javahost/dev.kaya.javahost.MainActivity}: java.lang.IllegalStateException: kaya: KAYA_LOCALE=de-DE but the platform reads en-US: the core did not install the knob before this process's locale was read
09-23 16:51:59.702 12045 12045 E AndroidRuntime: 	at android.app.ActivityThread.performLaunchActivity(ActivityThread.java:4048)
09-23 16:51:59.702 12045 12045 E AndroidRuntime: 	at android.app.ActivityThread.handleLaunchActivity(ActivityThread.java:4235)
09-23 16:51:59.702 12045 12045 E AndroidRuntime: 	at android.app.servertransaction.LaunchActivityItem.execute(LaunchActivityItem.java:112)
09-23 16:51:59.702 12045 12045 E AndroidRuntime: 	at android.app.servertransaction.TransactionExecutor.executeNonLifecycleItem(TransactionExecutor.java:174)
09-23 16:51:59.702 12045 12045 E AndroidRuntime: 	at android.app.servertransaction.TransactionExecutor.executeTransactionItems(TransactionExecutor.java:109)
09-23 16:51:59.702 12045 12045 E AndroidRuntime: 	at android.app.servertransaction.TransactionExecutor.execute(TransactionExecutor.java:81)
09-23 16:51:59.702 12045 12045 E AndroidRuntime: 	at android.app.ActivityThread$H.handleMessage(ActivityThread.java:2636)
09-23 16:51:59.702 12045 12045 E AndroidRuntime: 	at android.os.Handler.dispatchMessage(Handler.java:107)
09-23 16:51:59.702 12045 12045 E AndroidRuntime: 	at android.os.Looper.loopOnce(Looper.java:232)
09-23 16:51:59.702 12045 12045 E AndroidRuntime: 	at android.os.Looper.loop(Looper.java:317)
09-23 16:51:59.702 12045 12045 E AndroidRuntime: 	at android.app.ActivityThread.main(ActivityThread.java:8705)
09-23 16:51:59.702 12045 12045 E AndroidRuntime: 	at java.lang.reflect.Method.invoke(Native Method)
09-23 16:51:59.702 12045 12045 E AndroidRuntime: 	at com.android.internal.os.RuntimeInit$MethodAndArgsCaller.run(RuntimeInit.java:580)
09-23 16:51:59.702 12045 12045 E AndroidRuntime: 	at com.android.internal.os.ZygoteInit.main(ZygoteInit.java:886)
09-23 16:51:59.702 12045 12045 E AndroidRuntime: Caused by: java.lang.IllegalStateException: kaya: KAYA_LOCALE=de-DE but the platform reads en-US: the core did not install the knob before this process's locale was read
09-23 16:51:59.702 12045 12045 E AndroidRuntime: 	at dev.kaya.KayaCompose.readComplianceKnobs(KayaCompose.kt:2108)
09-23 16:51:59.702 12045 12045 E AndroidRuntime: 	at dev.kaya.KayaCompose.mount(KayaCompose.kt:2180)
09-23 16:51:59.702 12045 12045 E AndroidRuntime: 	at dev.kaya.javahost.MainActivity.onCreate(MainActivity.kt:31)
09-23 16:51:59.702 12045 12045 E AndroidRuntime: 	at android.app.Activity.performCreate(Activity.java:9002)
09-23 16:51:59.702 12045 12045 E AndroidRuntime: 	at android.app.Activity.performCreate(Activity.java:8980)
09-23 16:51:59.702 12045 12045 E AndroidRuntime: 	at android.app.Instrumentation.callActivityOnCreate(Instrumentation.java:1526)
09-23 16:51:59.702 12045 12045 E AndroidRuntime: 	at android.app.ActivityThread.performLaunchActivity(ActivityThread.java:4030)
09-23 16:51:59.702 12045 12045 E AndroidRuntime: 	... 13 more

09-23 16:50:52.110 11739 11739 I wm_on_destroy_called: [56173331,com.android.documentsui.picker.PickActivity,performDestroy,1]
09-23 16:50:52.471   575   611 I wm_create_activity: [0,143490186,743,com.google.android.documentsui/com.android.documentsui.picker.PickActivity,android.intent.action.CREATE_DOCUMENT,*/*,NULL,3]
09-23 16:50:52.474   575   611 I wm_restart_activity: [0,143490186,743,com.google.android.documentsui/com.android.documentsui.picker.PickActivity]
09-23 16:50:52.474   575   611 I wm_set_resumed_activity: [0,com.google.android.documentsui/com.android.documentsui.picker.PickActivity,realStartActivityLocked - onActivityStateChanged]
09-23 16:50:52.494 11739 11739 I wm_on_create_called: [143490186,com.android.documentsui.picker.PickActivity,performCreate,16]
09-23 16:50:52.498 11739 11739 I wm_on_start_called: [143490186,com.android.documentsui.picker.PickActivity,handleStartActivity,4]
09-23 16:50:52.500 11739 11739 I wm_on_resume_called: [143490186,com.android.documentsui.picker.PickActivity,RESUME_ACTIVITY,0]
09-23 16:50:52.507 11739 11739 I wm_on_top_resumed_gained_called: [143490186,com.android.documentsui.picker.PickActivity,topStateChangedWhenResumed]
09-23 16:50:52.521   575   625 I input_focus: [Focus request d9a1673 com.google.android.documentsui/com.android.documentsui.picker.PickActivity,reason=UpdateInputWindows]
09-23 16:50:52.568   575   621 I sysui_multi_action: [319,97,322,95,325,163560,757,761,758,8,759,2,806,com.google.android.documentsui,871,com.android.documentsui.picker.PickActivity,904,dev.kaya.javahost,905,0,1320,4,1321,23]
09-23 16:50:52.568   575   621 I wm_activity_launch_time: [0,143490186,com.google.android.documentsui/com.android.documentsui.picker.PickActivity,95]
09-23 16:50:52.684   575   708 I input_focus: [Focus entering d9a1673 com.google.android.documentsui/com.android.documentsui.picker.PickActivity (server),reason=Window became focusable. Previous reason: NOT_VISIBLE]
09-23 16:50:53.213   575   708 I input_interaction: Interaction with: d9a1673 com.google.android.documentsui/com.android.documentsui.picker.PickActivity (server), PointerEventDispatcher0 (server), 
09-23 16:50:54.970   575   613 I wm_finish_activity: [0,143490186,743,com.google.android.documentsui/com.android.documentsui.picker.PickActivity,app-request]
09-23 16:50:54.971   575   613 I wm_pause_activity: [0,143490186,com.google.android.documentsui/com.android.documentsui.picker.PickActivity,userLeaving=false,finish]
09-23 16:50:54.971 11739 11739 I wm_on_top_resumed_lost_called: [143490186,com.android.documentsui.picker.PickActivity,topStateChangedWhenResumed]
09-23 16:50:54.972 11739 11739 I wm_on_paused_called: [143490186,com.android.documentsui.picker.PickActivity,performPause,0]
09-23 16:50:54.972   575   613 I wm_add_to_stopping: [0,143490186,com.google.android.documentsui/com.android.documentsui.picker.PickActivity,completeFinishing]
09-23 16:50:55.001   575   708 I input_focus: [Focus leaving d9a1673 com.google.android.documentsui/com.android.documentsui.picker.PickActivity (server),reason=NO_WINDOW]
09-23 16:50:55.506   575   624 I wm_destroy_activity: [0,143490186,743,com.google.android.documentsui/com.android.documentsui.picker.PickActivity,finish-imm:idle]
09-23 16:50:55.523 11739 11739 I wm_on_stop_called: [143490186,com.android.documentsui.picker.PickActivity,LIFECYCLER_STOP_ACTIVITY,0]
09-23 16:50:55.525 11739 11739 I wm_on_destroy_called: [143490186,com.android.documentsui.picker.PickActivity,performDestroy,1]
09-23 16:50:55.819   575   613 I wm_create_activity: [0,261808827,743,com.google.android.documentsui/com.android.documentsui.picker.PickActivity,android.intent.action.CREATE_DOCUMENT,*/*,NULL,3]
09-23 16:50:55.822   575  1508 I wm_restart_activity: [0,261808827,743,com.google.android.documentsui/com.android.documentsui.picker.PickActivity]
09-23 16:50:55.822   575  1508 I wm_set_resumed_activity: [0,com.google.android.documentsui/com.android.documentsui.picker.PickActivity,realStartActivityLocked - onActivityStateChanged]
09-23 16:50:55.839 11739 11739 I wm_on_create_called: [261808827,com.android.documentsui.picker.PickActivity,performCreate,15]
09-23 16:50:55.844 11739 11739 I wm_on_start_called: [261808827,com.android.documentsui.picker.PickActivity,handleStartActivity,5]
09-23 16:50:55.845 11739 11739 I wm_on_resume_called: [261808827,com.android.documentsui.picker.PickActivity,RESUME_ACTIVITY,0]
09-23 16:50:55.850 11739 11739 I wm_on_top_resumed_gained_called: [261808827,com.android.documentsui.picker.PickActivity,topStateChangedWhenResumed]
09-23 16:50:55.862   575   625 I input_focus: [Focus request d1f25f0 com.google.android.documentsui/com.android.documentsui.picker.PickActivity,reason=UpdateInputWindows]
09-23 16:50:55.893   575   621 I sysui_multi_action: [319,75,322,73,325,163564,757,761,758,8,759,2,806,com.google.android.documentsui,871,com.android.documentsui.picker.PickActivity,904,dev.kaya.javahost,905,0,1320,4,1321,23]
09-23 16:50:55.895   575   621 I wm_activity_launch_time: [0,261808827,com.google.android.documentsui/com.android.documentsui.picker.PickActivity,73]
09-23 16:50:56.025   575   708 I input_focus: [Focus entering d1f25f0 com.google.android.documentsui/com.android.documentsui.picker.PickActivity (server),reason=Window became focusable. Previous reason: NOT_VISIBLE]
09-23 16:50:56.089   575  1508 I wm_set_resumed_activity: [0,com.google.android.documentsui/com.android.documentsui.picker.PickActivity,setFocusedTask-alreadyTop]
09-23 16:50:56.092   575   611 I sysui_multi_action: [757,906,758,4,806,com.google.android.documentsui,871,,908,com.google.android.gms,1452,0,1456,649182512]
09-23 16:50:56.111   575   575 I sysui_multi_action: [757,907,758,10,806,com.google.android.documentsui,871,,908,com.google.android.gms,909,-1,1454,1,1456,649182512]
09-23 16:50:56.111   575   575 I sysui_multi_action: [757,919,758,4,806,com.google.android.documentsui,871,,908,com.google.android.gms,1455,1,1456,649182512]
09-23 16:50:56.125   575   613 I wm_set_resumed_activity: [0,com.google.android.documentsui/com.android.documentsui.picker.PickActivity,setFocusedTask-alreadyTop]
09-23 16:50:56.150   575   613 I wm_finish_activity: [0,261808827,743,com.google.android.documentsui/com.android.documentsui.picker.PickActivity,app-request]
09-23 16:50:56.150   575   613 I wm_pause_activity: [0,261808827,com.google.android.documentsui/com.android.documentsui.picker.PickActivity,userLeaving=false,finish]
09-23 16:50:56.167 11739 11739 I wm_on_top_resumed_lost_called: [261808827,com.android.documentsui.picker.PickActivity,topStateChangedWhenResumed]
09-23 16:50:56.167 11739 11739 I wm_on_paused_called: [261808827,com.android.documentsui.picker.PickActivity,performPause,0]
09-23 16:50:56.168   575   611 I wm_add_to_stopping: [0,261808827,com.google.android.documentsui/com.android.documentsui.picker.PickActivity,completeFinishing]
09-23 16:50:56.183   575   708 I input_focus: [Focus leaving d1f25f0 com.google.android.documentsui/com.android.documentsui.picker.PickActivity (server),reason=NO_WINDOW]
09-23 16:50:56.670   575   624 I wm_destroy_activity: [0,261808827,743,com.google.android.documentsui/com.android.documentsui.picker.PickActivity,finish-imm:idle]
09-23 16:50:56.688 11739 11739 I wm_on_stop_called: [261808827,com.android.documentsui.picker.PickActivity,LIFECYCLER_STOP_ACTIVITY,1]
09-23 16:50:56.689 11739 11739 I wm_on_destroy_called: [261808827,com.android.documentsui.picker.PickActivity,performDestroy,1]
09-23 16:50:57.128   575  1504 I am_proc_died: [0,11663,dev.kaya.javahost,0,2]
09-23 16:50:58.409   575   898 I am_kill : [0,11739,com.google.android.documentsui,905,stop com.google.android.documentsui due to from pid 11898,149124]
09-23 16:50:58.417   575   575 I notification_cancel_all: [1000,575,com.google.android.documentsui,0,0,0,5,NULL]
09-23 16:51:01.785   575   905 I am_proc_died: [0,11915,dev.kaya.javahost,0,2]
09-23 16:51:06.684   575   694 I am_freeze: [32317,com.google.android.apps.docs]
09-23 16:51:06.710   575   694 I am_freeze: [23852,com.google.android.inputmethod.latin]
09-23 16:51:07.136   575   694 I am_freeze: [32339,com.android.externalstorage]
09-23 16:51:25.656   575   694 I am_freeze: [1513,com.google.android.gms]
09-23 16:51:53.749   575   575 I notification_cancel_all: [1000,575,com.google.android.documentsui,0,0,0,5,NULL]
09-23 16:51:58.036   575   905 I am_proc_died: [0,11973,dev.kaya.javahost,0,2]
09-23 16:51:58.542   575   575 I notification_cancel_all: [1000,575,com.google.android.documentsui,0,0,0,5,NULL]
09-23 16:51:59.740   575  1837 I am_proc_died: [0,12045,dev.kaya.javahost,0,2]
09-23 16:53:14.840   575   694 I am_freeze: [1531,com.google.android.googlequicksearchbox:search]
full buffers kept at target/validate-failures/android-formatde-jvm-buffers.log
verb trace kept beside the log (66 bytes)
flightrec: bundle /Users/akhilindurti/.local/state/kaya/flightrec/runs/20260923T234420Z-046300/bundles/android-formatde-jvm — 7 sections (7 ok, 0 skipped, 0 empty, 0 error), 1995568 bytes (cap 33554432)
flightrec:   leg-log ok 12348
flightrec:   verb-trace ok 66
flightrec:   logcat ok 54604
flightrec:   system-events ok 1652133
flightrec:   anr-history ok 198
flightrec:   shot ok 275308
flightrec:   devices ok 581
formatde-jvm: FAIL (132s)
== formatar-jvm ==

formatar-jvm: kept a device screenshot (275308 bytes; app already gone at the shot)
leg device: emulator-5558
09-23 16:52:00.759 31639 31639 E AndroidRuntime: FATAL EXCEPTION: main
--------- beginning of crash
09-23 16:52:00.759 31639 31639 E AndroidRuntime: FATAL EXCEPTION: main
09-23 16:52:00.759 31639 31639 E AndroidRuntime: Process: dev.kaya.javahost, PID: 31639
09-23 16:52:00.759 31639 31639 E AndroidRuntime: java.lang.RuntimeException: Unable to start activity ComponentInfo{dev.kaya.javahost/dev.kaya.javahost.MainActivity}: java.lang.IllegalStateException: kaya: KAYA_LOCALE=ar-EG but the platform reads en-US: the core did not install the knob before this process's locale was read
09-23 16:52:00.759 31639 31639 E AndroidRuntime: 	at android.app.ActivityThread.performLaunchActivity(ActivityThread.java:4048)
09-23 16:52:00.759 31639 31639 E AndroidRuntime: 	at android.app.ActivityThread.handleLaunchActivity(ActivityThread.java:4235)
09-23 16:52:00.759 31639 31639 E AndroidRuntime: 	at android.app.servertransaction.LaunchActivityItem.execute(LaunchActivityItem.java:112)
09-23 16:52:00.759 31639 31639 E AndroidRuntime: 	at android.app.servertransaction.TransactionExecutor.executeNonLifecycleItem(TransactionExecutor.java:174)
09-23 16:52:00.759 31639 31639 E AndroidRuntime: 	at android.app.servertransaction.TransactionExecutor.executeTransactionItems(TransactionExecutor.java:109)
09-23 16:52:00.759 31639 31639 E AndroidRuntime: 	at android.app.servertransaction.TransactionExecutor.execute(TransactionExecutor.java:81)
09-23 16:52:00.759 31639 31639 E AndroidRuntime: 	at android.app.ActivityThread$H.handleMessage(ActivityThread.java:2636)
09-23 16:52:00.759 31639 31639 E AndroidRuntime: 	at android.os.Handler.dispatchMessage(Handler.java:107)
09-23 16:52:00.759 31639 31639 E AndroidRuntime: 	at android.os.Looper.loopOnce(Looper.java:232)
09-23 16:52:00.759 31639 31639 E AndroidRuntime: 	at android.os.Looper.loop(Looper.java:317)
09-23 16:52:00.759 31639 31639 E AndroidRuntime: 	at android.app.ActivityThread.main(ActivityThread.java:8705)
09-23 16:52:00.759 31639 31639 E AndroidRuntime: 	at java.lang.reflect.Method.invoke(Native Method)
09-23 16:52:00.759 31639 31639 E AndroidRuntime: 	at com.android.internal.os.RuntimeInit$MethodAndArgsCaller.run(RuntimeInit.java:580)
09-23 16:52:00.759 31639 31639 E AndroidRuntime: 	at com.android.internal.os.ZygoteInit.main(ZygoteInit.java:886)
09-23 16:52:00.759 31639 31639 E AndroidRuntime: Caused by: java.lang.IllegalStateException: kaya: KAYA_LOCALE=ar-EG but the platform reads en-US: the core did not install the knob before this process's locale was read
09-23 16:52:00.759 31639 31639 E AndroidRuntime: 	at dev.kaya.KayaCompose.readComplianceKnobs(KayaCompose.kt:2108)
09-23 16:52:00.759 31639 31639 E AndroidRuntime: 	at dev.kaya.KayaCompose.mount(KayaCompose.kt:2180)
09-23 16:52:00.759 31639 31639 E AndroidRuntime: 	at dev.kaya.javahost.MainActivity.onCreate(MainActivity.kt:31)
09-23 16:52:00.759 31639 31639 E AndroidRuntime: 	at android.app.Activity.performCreate(Activity.java:9002)
09-23 16:52:00.759 31639 31639 E AndroidRuntime: 	at android.app.Activity.performCreate(Activity.java:8980)
09-23 16:52:00.759 31639 31639 E AndroidRuntime: 	at android.app.Instrumentation.callActivityOnCreate(Instrumentation.java:1526)
09-23 16:52:00.759 31639 31639 E AndroidRuntime: 	at android.app.ActivityThread.performLaunchActivity(ActivityThread.java:4030)
09-23 16:52:00.759 31639 31639 E AndroidRuntime: 	... 13 more

09-23 16:50:44.234   575  1979 I wm_restart_activity: [0,137534328,705,com.google.android.documentsui/com.android.documentsui.picker.PickActivity]
09-23 16:50:44.236   575  1979 I wm_set_resumed_activity: [0,com.google.android.documentsui/com.android.documentsui.picker.PickActivity,realStartActivityLocked - onActivityStateChanged]
09-23 16:50:44.459 31340 31360 I dvm_lock_sample: [com.google.android.documentsui,0,pool-3-thread-2,237,ProvidersCache.java,645,void com.android.documentsui.roots.ProvidersCache$MultiProviderUpdateTask.handleDocumentsProvider(android.content.pm.ProviderInfo, com.android.documentsui.base.UserId),-,648,void com.android.documentsui.roots.ProvidersCache$MultiProviderUpdateTask.handleDocumentsProvider(android.content.pm.ProviderInfo, com.android.documentsui.base.UserId),47]
09-23 16:50:44.585 31340 31364 I dvm_lock_sample: [com.google.android.documentsui,0,pool-3-thread-6,362,ProvidersCache.java,645,void com.android.documentsui.roots.ProvidersCache$MultiProviderUpdateTask.handleDocumentsProvider(android.content.pm.ProviderInfo, com.android.documentsui.base.UserId),-,648,void com.android.documentsui.roots.ProvidersCache$MultiProviderUpdateTask.handleDocumentsProvider(android.content.pm.ProviderInfo, com.android.documentsui.base.UserId),72]
09-23 16:50:44.703 31340 31340 I wm_on_create_called: [137534328,com.android.documentsui.picker.PickActivity,performCreate,130]
09-23 16:50:44.710 31340 31340 I wm_on_start_called: [137534328,com.android.documentsui.picker.PickActivity,handleStartActivity,6]
09-23 16:50:44.713 31340 31340 I wm_on_resume_called: [137534328,com.android.documentsui.picker.PickActivity,RESUME_ACTIVITY,0]
09-23 16:50:44.760 31340 31340 I wm_on_top_resumed_gained_called: [137534328,com.android.documentsui.picker.PickActivity,topStateChangedWhenResumed]
09-23 16:50:44.804   575   625 I input_focus: [Focus request 414c85a com.google.android.documentsui/com.android.documentsui.picker.PickActivity,reason=UpdateInputWindows]
09-23 16:50:45.315   575   621 I sysui_multi_action: [319,212,321,87,322,1251,325,163552,757,761,758,7,759,2,806,com.google.android.documentsui,871,com.android.documentsui.picker.PickActivity,904,dev.kaya.javahost,905,0,945,78,1320,4,1321,23]
09-23 16:50:45.326   575   708 I input_focus: [Focus entering 414c85a com.google.android.documentsui/com.android.documentsui.picker.PickActivity (server),reason=Window became focusable. Previous reason: NOT_VISIBLE]
09-23 16:50:45.339   575   621 I wm_activity_launch_time: [0,137534328,com.google.android.documentsui/com.android.documentsui.picker.PickActivity,1251]
09-23 16:50:45.591   830   914 I viewroot_draw_event: [VRI[documentsui],Not drawing due to not visible. Reason=View.GONE]
09-23 16:50:45.790   575  1980 I wm_set_resumed_activity: [0,com.google.android.documentsui/com.android.documentsui.picker.PickActivity,setFocusedTask-alreadyTop]
09-23 16:50:45.805   575  1980 I wm_finish_activity: [0,137534328,705,com.google.android.documentsui/com.android.documentsui.picker.PickActivity,app-request]
09-23 16:50:45.807   575  1980 I wm_pause_activity: [0,137534328,com.google.android.documentsui/com.android.documentsui.picker.PickActivity,userLeaving=false,finish]
09-23 16:50:45.808 31340 31340 I wm_on_top_resumed_lost_called: [137534328,com.android.documentsui.picker.PickActivity,topStateChangedWhenResumed]
09-23 16:50:45.810 31340 31340 I wm_on_paused_called: [137534328,com.android.documentsui.picker.PickActivity,performPause,0]
09-23 16:50:45.810   575   614 I wm_add_to_stopping: [0,137534328,com.google.android.documentsui/com.android.documentsui.picker.PickActivity,completeFinishing]
09-23 16:50:45.833   575   708 I input_focus: [Focus leaving 414c85a com.google.android.documentsui/com.android.documentsui.picker.PickActivity (server),reason=NO_WINDOW]
09-23 16:50:46.476   575   694 I am_freeze: [8179,com.google.android.apps.wellbeing]
09-23 16:50:46.553   575   624 I wm_destroy_activity: [0,137534328,705,com.google.android.documentsui/com.android.documentsui.picker.PickActivity,finish-imm:idle]
09-23 16:50:46.574 31340 31340 I wm_on_stop_called: [137534328,com.android.documentsui.picker.PickActivity,LIFECYCLER_STOP_ACTIVITY,1]
09-23 16:50:46.576 31340 31340 I wm_on_destroy_called: [137534328,com.android.documentsui.picker.PickActivity,performDestroy,2]
09-23 16:50:46.740   575   611 I wm_create_activity: [0,162748476,705,com.google.android.documentsui/com.android.documentsui.picker.PickActivity,android.intent.action.OPEN_DOCUMENT,*/*,NULL,3]
09-23 16:50:46.757   575  1055 I wm_restart_activity: [0,162748476,705,com.google.android.documentsui/com.android.documentsui.picker.PickActivity]
09-23 16:50:46.758   575  1055 I wm_set_resumed_activity: [0,com.google.android.documentsui/com.android.documentsui.picker.PickActivity,realStartActivityLocked - onActivityStateChanged]
09-23 16:50:46.850 31340 31340 I wm_on_create_called: [162748476,com.android.documentsui.picker.PickActivity,performCreate,82]
09-23 16:50:46.851 31340 31340 I wm_on_start_called: [162748476,com.android.documentsui.picker.PickActivity,handleStartActivity,1]
09-23 16:50:46.854 31340 31340 I wm_on_resume_called: [162748476,com.android.documentsui.picker.PickActivity,RESUME_ACTIVITY,0]
09-23 16:50:46.862 31340 31340 I wm_on_top_resumed_gained_called: [162748476,com.android.documentsui.picker.PickActivity,topStateChangedWhenResumed]
09-23 16:50:46.872   575   625 I input_focus: [Focus request e39ac7d com.google.android.documentsui/com.android.documentsui.picker.PickActivity,reason=UpdateInputWindows]
09-23 16:50:47.081   575   621 I sysui_multi_action: [319,344,322,339,325,163554,757,761,758,8,759,2,806,com.google.android.documentsui,871,com.android.documentsui.picker.PickActivity,904,dev.kaya.javahost,905,0,1320,4,1321,23]
09-23 16:50:47.081   575   621 I wm_activity_launch_time: [0,162748476,com.google.android.documentsui/com.android.documentsui.picker.PickActivity,339]
09-23 16:50:47.616   575   708 I input_focus: [Focus entering e39ac7d com.google.android.documentsui/com.android.documentsui.picker.PickActivity (server),reason=Window became focusable. Previous reason: NOT_VISIBLE]
09-23 16:50:48.583   575   708 I input_interaction: Interaction with: e39ac7d com.google.android.documentsui/com.android.documentsui.picker.PickActivity (server), PointerEventDispatcher0 (server), 
09-23 16:50:49.473   575   694 I am_freeze: [20182,com.android.keychain]
09-23 16:50:49.489   575   694 I am_freeze: [24342,com.android.settings]
09-23 16:50:50.799   575  1743 I wm_finish_activity: [0,162748476,705,com.google.android.documentsui/com.android.documentsui.picker.PickActivity,app-request]
09-23 16:50:50.800   575  1743 I wm_pause_activity: [0,162748476,com.google.android.documentsui/com.android.documentsui.picker.PickActivity,userLeaving=false,finish]
09-23 16:50:50.806 31340 31340 I wm_on_top_resumed_lost_called: [162748476,com.android.documentsui.picker.PickActivity,topStateChangedWhenResumed]
09-23 16:50:50.807 31340 31340 I wm_on_paused_called: [162748476,com.android.documentsui.picker.PickActivity,performPause,0]
09-23 16:50:50.808   575  1743 I wm_add_to_stopping: [0,162748476,com.google.android.documentsui/com.android.documentsui.picker.PickActivity,completeFinishing]
09-23 16:50:50.834   575   708 I input_focus: [Focus leaving e39ac7d com.google.android.documentsui/com.android.documentsui.picker.PickActivity (server),reason=NO_WINDOW]
09-23 16:50:51.440   575   624 I wm_destroy_activity: [0,162748476,705,com.google.android.documentsui/com.android.documentsui.picker.PickActivity,finish-imm:idle]
09-23 16:50:51.458 31340 31340 I wm_on_stop_called: [162748476,com.android.documentsui.picker.PickActivity,LIFECYCLER_STOP_ACTIVITY,0]
09-23 16:50:51.461 31340 31340 I wm_on_destroy_called: [162748476,com.android.documentsui.picker.PickActivity,performDestroy,2]
09-23 16:50:51.659   575  1504 I am_proc_died: [0,31266,dev.kaya.javahost,0,2]
09-23 16:50:56.975   575  1508 I am_kill : [0,31340,com.google.android.documentsui,905,stop com.google.android.documentsui due to from pid 31488,168296]
09-23 16:50:56.980   575   575 I notification_cancel_all: [1000,575,com.google.android.documentsui,0,0,0,5,NULL]
09-23 16:50:57.115   575   694 I am_freeze: [1513,com.google.android.gms]
09-23 16:51:01.378   575  1979 I am_proc_died: [0,31505,dev.kaya.javahost,0,2]
09-23 16:51:01.663   575   694 I am_freeze: [20880,com.android.externalstorage]
09-23 16:51:53.747   575   575 I notification_cancel_all: [1000,575,com.google.android.documentsui,0,0,0,5,NULL]
09-23 16:51:58.995   575   905 I am_proc_died: [0,31567,dev.kaya.javahost,0,2]
09-23 16:51:59.567   575   575 I notification_cancel_all: [1000,575,com.google.android.documentsui,0,0,0,5,NULL]
09-23 16:52:00.783   575   905 I am_proc_died: [0,31639,dev.kaya.javahost,0,2]
09-23 16:52:03.734   575   694 I am_freeze: [20858,com.google.android.apps.docs]
09-23 16:53:15.877   575   694 I am_freeze: [3501,com.google.android.googlequicksearchbox:search]
09-23 16:53:15.877   575   694 I am_freeze: [10985,com.google.android.webview:sandboxed_process0:org.chromium.content.app.SandboxedProcessService0:0]
full buffers kept at target/validate-failures/android-formatar-jvm-buffers.log
verb trace kept beside the log (66 bytes)
flightrec: bundle /Users/akhilindurti/.local/state/kaya/flightrec/runs/20260923T234420Z-046300/bundles/android-formatar-jvm — 7 sections (7 ok, 0 skipped, 0 empty, 0 error), 1875624 bytes (cap 33554432)
flightrec:   leg-log ok 12764
flightrec:   verb-trace ok 66
flightrec:   logcat ok 67461
flightrec:   system-events ok 1518916
flightrec:   anr-history ok 198
flightrec:   shot ok 275308
flightrec:   devices ok 581
formatar-jvm: FAIL (132s)
prefs-jvm: OK (the real domain dev.kaya.aurora.notes.xml is on none of 4 device(s))
TIMING legs-jvm 245s
    Building arm64-v8a (aarch64-linux-android)
warning: variable does not need to be mutable
    --> crates/kaya/src/android.rs:1848:5
     |
1848 |     mut env: JNIEnv<'local>,
     |     ----^^^
     |     |
     |     help: remove this `mut`
     |
     = note: `#[warn(unused_mut)]` (part of `#[warn(unused)]`) on by default

warning: function `exit_hard` is never used
   --> crates/kaya/src/lib.rs:258:15
    |
258 | pub(crate) fn exit_hard(code: i32) -> ! {
    |               ^^^^^^^^^
    |
    = note: `#[warn(dead_code)]` (part of `#[warn(unused)]`) on by default

warning: function `text_scale_override` is never used
   --> crates/kaya/src/fmt.rs:215:15
    |
215 | pub(crate) fn text_scale_override() -> Option<f64> {
    |               ^^^^^^^^^^^^^^^^^^^

warning: function `window_frame_key` is never used
   --> crates/kaya/src/prefs.rs:230:15
    |
230 | pub(crate) fn window_frame_key(window: u64) -> String {
    |               ^^^^^^^^^^^^^^^^

warning: function `window_frame` is never used
   --> crates/kaya/src/prefs.rs:237:15
    |
237 | pub(crate) fn window_frame(window: u64) -> Option<String> {
    |               ^^^^^^^^^^^^

warning: function `set_window_frame` is never used
   --> crates/kaya/src/prefs.rs:244:15
    |
244 | pub(crate) fn set_window_frame(window: u64, frame: &str) {
    |               ^^^^^^^^^^^^^^^^

warning: struct `PathSource` is never constructed
   --> crates/kaya/src/protocol.rs:204:12
    |
204 | pub struct PathSource {
    |            ^^^^^^^^^^

warning: struct `SaveDestination` is never constructed
   --> crates/kaya/src/protocol.rs:245:12
    |
245 | pub struct SaveDestination {
    |            ^^^^^^^^^^^^^^^

warning: `kaya` (lib) generated 8 warnings (run `cargo fix --lib -p kaya` to apply 1 suggestion)
    Finished `dev` profile [unoptimized + debuginfo] target(s) in 0.09s
identity: 5 launcher mipmaps inside gohost-debug.apk, every one the arm's own bytes
links: dev.kaya.gohost claims dev.kaya.aurora.notes:// with launchMode=singleTask
assets: 19 files inside gohost-debug.apk under assets/kaya/, every one byte-equal to the tree
TIMING build-go 5s
exclusive: android waits to admit go — lane=ios leg=save-swiftui pid=44260 scope=host host=Akhils-MBP.localdomain start=1790207674 holds
exclusive: android waited 14.6s to admit go
exclusive: android waits to admit stall-go — lane=windows leg=dnd_rust pid=44259 scope=host host=Akhils-MBP.localdomain start=1790207708 holds
exclusive: android waited 32.5s to admit stall-go
exclusive: android waits to admit progress-go — lane=windows leg=dnd_python pid=44259 scope=host host=Akhils-MBP.localdomain start=1790207742 holds
exclusive: android waited 31.7s to admit progress-go
exclusive: android waits to admit textarea-go — lane=windows leg=dnd_js pid=44259 scope=host host=Akhils-MBP.localdomain start=1790207776 holds
exclusive: android waited 32.0s to admit textarea-go
exclusive: android waits to admit toolbar-go — lane=windows leg=dnd_go pid=44259 scope=host host=Akhils-MBP.localdomain start=1790207811 holds
exclusive: android waited 34.0s to admit toolbar-go
exclusive: android waits to admit clipboard-go — lane=windows leg=dnd_csharp pid=44259 scope=host host=Akhils-MBP.localdomain start=1790207847 holds
exclusive: android waited 31.5s to admit clipboard-go
exclusive: android waits to admit save-go — lane=windows leg=dnd_java pid=44259 scope=host host=Akhils-MBP.localdomain start=1790207882 holds
exclusive: android waited 32.0s to admit save-go
exclusive: android waits to admit dnd-go — lane=windows leg=dndwitness_rust pid=44259 scope=host host=Akhils-MBP.localdomain start=1790207917 holds
exclusive: android waited 8.4s to admit dnd-go
exclusive: android holds for dnd-go
exclusive: android released after dnd-go (26.6s held)
exclusive: android waits to admit format-go — lane=windows leg=dndforeign_rust pid=44259 scope=host host=Akhils-MBP.localdomain start=1790207953 holds
exclusive: android waited 23.7s to admit format-go
== stage-go-emulator-5554 ==
stage-go-emulator-5554: OK
== stage-go-emulator-5556 ==
stage-go-emulator-5556: OK
== stage-go-emulator-5558 ==
stage-go-emulator-5558: OK
== stage-go-emulator-5560 ==
stage-go-emulator-5560: OK
stage-go: OK (4/4 targets)
== go ==
09-23 16:54:35.477 32480 32508 I kaya    : KAYA_SELFTEST: OK (step 0, step 1, step 2, removed g2/a, 0 left)
go: PASS (2s)
== a11y-go ==
09-23 16:54:35.710 30773 30801 I kaya    : KAYA_SELFTEST: OK (ax "button/Save", ax "checkbox/Details", ax "button/Reset", ax "label/Ready", ax "field/Full name", ax "field/Notes", ax "slider/Volume", ax "progress/Loading", ax "image/Logo", ax hint "save the draft", ax hint "show more detail", ax "combobox/Color", ax "group/Size", ax "group/Form", ax "group/Cells", ax "group/Feed", ax "group/Actions", ax "button/Cancel", ax "button/OK", ax "label/Before", ax "label/After")
a11y-go: PASS (2s)
== a11yrows-go ==
09-23 16:54:35.460 12919 12947 I kaya    : KAYA_SELFTEST: OK (ax "field/First note", ax "field/Second note", ax "heading/Heading one", ax "heading/Heading two", inset row#0 8)
a11yrows-go: PASS (2s)
== styling-go ==
09-23 16:54:35.294 32505 32535 I kaya    : KAYA_SELFTEST: OK (Sections, ax "heading/Sections", inset 0, ready, captioned, ax "button/Delete", ax "button/Save", deleted, saved)
styling-go: PASS (2s)
== typeface-go ==
09-23 16:54:39.796 32549 32575 I kaya    : KAYA_SELFTEST: OK (typeface, typeface Sora, clicked hi, ax "heading/typeface")
typeface-go: PASS (4s)
== assets-go ==
09-23 16:54:39.430 32581 32606 I kaya    : KAYA_SELFTEST: OK (assets, 2x2, kaya: no asset named "icons/nope.png"; the package carries fonts/OFL.txt, fonts/README.md, fonts/sora-wght.ttf, icons/README.md, icons/kaya-mark.png, identity.toml, images/README.md, images/a11y-logo.png, l10n/README.md, l10n/format.ar.ftl, l10n/format.de.ftl, l10n/format.en.ftl, l10n/tasks.ar.ftl, l10n/tasks.en.ftl, market/README.md, market/prices.csv, market/transactions.csv, win/README.md, win/minimal-resources.pri, icons/kaya-mark.png present, fonts/sora-wght.ttf: 111400 bytes, no complaint)
assets-go: PASS (3s)
== entry-go ==
09-23 16:54:41.022 12989 13016 I kaya    : KAYA_SELFTEST: OK (no todos, added milk, 1 total, , entry#0 focused, nothing to add, 1 total)
entry-go: PASS (5s)
== gallery-go ==
09-23 16:54:41.454 30845 30871 I kaya    : KAYA_SELFTEST: OK (urgent: false, urgent: true, volume: 75%, 2x2, 0x0, volume: 75%, ax "slider/Level", placeholder "Search")
gallery-go: PASS (5s)
== todos-go ==
09-23 16:54:44.120 32646 32672 I kaya    : KAYA_SELFTEST: OK (0 items left, 1 item left, , entry#0 focused, menu "Edit>Undo" enabled, 0 items left, menu "Edit>Redo" enabled, 1 item left, 0 items left)
todos-go: PASS (4s)
== remount-go ==
09-23 16:54:44.844 32616 32642 I kaya    : KAYA_SELFTEST: OK (0 items left, 1 item left, , entry#0 focused, menu "Edit>Undo" enabled, 0 items left, menu "Edit>Redo" enabled, 1 item left, 0 items left)
remount-go: PASS (5s)
== reorder-go ==
09-23 16:54:44.261 13067 13095 I kaya    : KAYA_SELFTEST: OK (a|b|c, b|c|a, a|b|c)
reorder-go: PASS (3s)
== table-go ==
09-23 16:54:45.146 30920 30948 I kaya    : KAYA_SELFTEST: OK (Name|Size, column#0 column edges 2, column#0 fills, banana,30|apple,10|cherry,20, Name|Size ^0, column#0 column edges 2, apple,10|banana,30|cherry,20, Name|Size v0, column#0 column edges 2, cherry,20|banana,30|apple,10, Name|Size ^1, column#0 column edges 2, apple,10|cherry,20|banana,30)
table-go: PASS (3s)
== feed-go ==
09-23 16:54:46.669 32721 32747 I kaya    : KAYA_SELFTEST: OK (jot one|jot two, 0 done, 1 done, jot two, 2 done, 1 done)
feed-go: PASS (2s)
== grow-go ==
09-23 16:54:46.966 13137 13164 I kaya    : KAYA_SELFTEST: OK (grow probe, root fills, column#0 fills, row#0 fills, textarea#0 fills, label#1 fills, button#0 fills, 25,50,25, 25,75)
grow-go: PASS (2s)
== align-go ==
09-23 16:54:47.371 32698 32724 I kaya    : KAYA_SELFTEST: OK (align probe, column@root aligns stretch, column@centered aligns center, row@baseline aligns baseline, column@fitcol aligns stretch, column@fitcol fills, plain probe, row@plain aligns center, textarea@optout hugs, button@fills spans its breadth, row@wrapped lines 2, row@plain lines 1)
align-go: PASS (2s)
== layout-go ==
09-23 16:54:47.569 30988 31015 I kaya    : KAYA_SELFTEST: OK (Layout probe, deep)
layout-go: PASS (2s)
== stall-go ==
09-23 16:55:26.100 13200 13227 I kaya    : KAYA_SELFTEST: OK (ready, pinged, the app thread is keeping up, stalled 1032ms)
stall-go: PASS (6s)
== confirm-go ==
09-23 16:55:22.666 32759   353 I kaya    : KAYA_SELFTEST: OK (no decision, alert "delete item?", deleted, alert "delete item?", archived, alert "delete item?", kept, alert "eject disk?", ejected, alert "eject disk?", held, alerts 0)
confirm-go: PASS (3s)
== nav-go ==
09-23 16:55:22.081   354   433 I kaya    : KAYA_SELFTEST: OK (entries 0, title "nav", entries 1, title "detail", detail pane, entries 0, popped detail, title "nav", entries 1, title "settings", entries 0, back requested, title "nav")
nav-go: PASS (2s)
== scroll-go ==
09-23 16:55:22.059 31049 31078 I kaya    : KAYA_SELFTEST: OK (scroll#0 spans its breadth, scroll#0 overflows, at top, scroll#0 at end, bottom clicked)
scroll-go: PASS (2s)
== progress-go ==
09-23 16:55:55.892   580   651 I kaya    : KAYA_SELFTEST: OK (25%, indeterminate)
progress-go: PASS (1s)
== select-go ==
09-23 16:55:56.246 31118 31146 I kaya    : KAYA_SELFTEST: OK (Red, picked: Red, Blue, picked: Blue, Green, picked: Green)
select-go: PASS (2s)
== radio-go ==
09-23 16:55:56.227   556   601 I kaya    : KAYA_SELFTEST: OK (Small, size: Small, Large, size: Large, Medium, size: Medium)
radio-go: PASS (2s)
== grid-go ==
09-23 16:55:55.979 13296 13322 I kaya    : KAYA_SELFTEST: OK (Name:, Ada Lovelace, Role:, Engine programmer, grid#0 columns 2, root fills, row#0 fills)
grid-go: PASS (1s)
== textarea-go ==
09-23 16:56:30.532   737   865 I kaya    : KAYA_SELFTEST: OK (0 lines, first line
textarea-go: PASS (2s)
== search-go ==
09-23 16:56:30.843 13359 13386 I kaya    : KAYA_SELFTEST: OK (placeholder "Search", 4 items, apple|banana|cherry|mango, search@find focused, 2 of 4 match, banana|mango, 1 of 4 match, mango, , search@find focused, 4 items, apple|banana|cherry|mango, 1 of 4 match, cherry, ax "field/Find items")
search-go: PASS (3s)
== sections-go ==
09-23 16:56:31.000   726   851 I kaya    : KAYA_SELFTEST: OK (2 sections, sections bar, section "Feed" symbol "home", section "Archive" symbol "star", section "Feed", feed ready, section "Archive", archive: 1 visits, section "Feed", section "Archive", archive: 1 visits, archive: 2 visits)
sections-go: PASS (3s)
== menus-go ==
09-23 16:56:31.985 31185 31226 I kaya    : KAYA_SELFTEST: OK (ready, 3 menus, menu "File>Save" disabled, menu "File>Export" disabled, menu "File>Save" symbol "done", menu "File>Export" symbol "forward", menu "View>Details" symbol "info", menu "View>Details" unchecked, menu "Sort" value 0, menu "View>Details" checked, details on, menu "Sort" value 1, sorted date, menu "File>Save" enabled, menu "File>Export" enabled, menu "View>Details" checked, menu "Sort" value 1, saved, menu "View>Details" unchecked, menu "Sort" value 0, ready, saved, renamed, removed g2/a, 4 menus, menu "Document>Publish" enabled, menu "Tools>Inspect" enabled, menu "Document>Publish" symbol "copy", menu "Tools>Inspect" symbol "search", shared, presentation fits)
menus-go: PASS (4s)
== toolbar-go ==
09-23 16:57:07.175  1000  1044 I kaya    : KAYA_SELFTEST: OK (ready, toolbar, toolbar item Save done, toolbar item Find search, toolbar item Save enabled, toolbar item Save disabled, menu "File>Save" disabled, toolbar item Save enabled, menu "File>Save" enabled)
toolbar-go: PASS (2s)
== identity-go ==
09-23 16:57:07.717   976  1021 I kaya    : KAYA_SELFTEST: OK (identity, app icon E01B24/33D17A/1C71D8/F6D32D, toolbar, toolbar item Save done, title "identity", clicked hi, app icon E01B24/33D17A/1C71D8/F6D32D)
identity-go: PASS (3s)
== listdetail-go ==
09-23 16:57:07.441 13432 13461 I kaya    : KAYA_SELFTEST: OK (entries 0, split fits, entries 1, list pane, detail pane, split fits, ax "label/detail pane")
listdetail-go: PASS (2s)
== commands-go ==
09-23 16:57:07.161 31284 31311 I kaya    : KAYA_SELFTEST: OK (ready, 2 menus, menu "File>Settings…" enabled, menu "View>Details" unchecked, menu "View>Sort" value 0, menu "View>Details" checked, details on, menu "View>Sort" value 1, sorted date, settings 1, settings 2)
commands-go: PASS (2s)
== clipboard-go ==
09-23 16:57:43.351 31351 31380 I kaya    : KAYA_SELFTEST: OK (ready, copied, clipboard text "kaya clip", clipboard html "<b>kaya</b> clip", clipboard dev.kaya/note "note=1", clipboard image "4x4", custom dev.kaya/note note=1, text från ett annat program, empty, image, clipboard image "4x4", files pasted.txt pasted bytes, entry#0 focused, pasted pasted by hand, , entry#1 focused, pasted by hand, , ax "field/pasted by hand", entry#2 focused, row r1 pasted pasted by hand, )
clipboard-go: PASS (4s)
== background-go ==
09-23 16:57:41.334  1191  1225 I kaya    : KAYA_SELFTEST: OK (idle, working, alive, working, 123, acb, ax "label/acb")
background-go: PASS (2s)
== undo-go ==
09-23 16:57:45.559  1177  1213 I kaya    : KAYA_SELFTEST: OK (no todos, history empty, no keys, menu "Edit>Undo" disabled, menu "Edit>Redo" disabled, entry#0 focused, milk, menu "Edit>Undo" enabled, added milk, 1 total, keys 1, , no todos, undid add milk, 0 total, no keys, , added milk, 1 total, redid add milk, 1 total, keys 1, , tea, starred, teas, tea, menu "Edit>Redo" enabled, teas, redid typing, 1 total, tea, undid typing, 1 total, added milk, 1 total, undid star, 1 total, , undid typing, 1 total, nothing to add, 1 total, tea, redid typing, 1 total, added tea, 2 total, keys 1,2, , nothing to add, 1 total, undid add tea, 1 total, keys 1, added tea, 2 total, redid add tea, 2 total, keys 1,2, removed milk, 1 total, keys 2, added tea, 2 total, undid remove milk, 2 total, keys 1,2, removed milk, 1 total, redid remove milk, 1 total, keys 2, added jam, 2 total, keys 2,3, notes 3=ha, undid typing, 2 total, no notes, , redid typing, 2 total, notes 3=ha, ha)
undo-go: PASS (6s)
== filedialog-go ==
09-23 16:57:46.772 13511 13572 I kaya    : KAYA_SELFTEST: OK (no file, file dialog "kaya-picked-13511" [decoy.txt, picked.txt], reading, 1 picked bytes, file dialog "kaya-picked-13511" [decoy.txt, picked.txt], cancelled, ax "label/cancelled")
filedialog-go: PASS (7s)
== save-go ==
09-23 16:58:22.945  1275  1391 I kaya    : KAYA_SELFTEST: OK (no file, nothing open to save, nothing to reopen, file dialog "kaya-save-1275" [decoy, draft], opened first draft, nothing to reopen, saved second draft, save dialog "kaya-save-1275" "copy", save cancelled, save dialog "kaya-save-1275" "copy", save dialog "kaya-save-1275" "final", saved third draft, reopened second draft third draft, ax "label/reopened second draft third draft")
save-go: PASS (9s)
== dirty-go ==
09-23 16:58:16.716 31449 31477 I kaya    : KAYA_SELFTEST: OK (notes, saved, title "dirty", dirty false, notes and a line, unsaved, dirty true, saved, dirty false, unsaved, dirty true, title "dirty")
dirty-go: PASS (3s)
== ranges-go ==
09-23 16:58:18.025  1340  1377 I kaya    : KAYA_SELFTEST: OK (0 matches, expect_highlights , 3 matches, expect_highlights 57:62=alpha|203:208=alpha|753:758=alpha, expect_selection 203:208=alpha, 753:758 offscreen, 753:758 visible, expect_highlights 57:62=alpha|203:208=alpha|753:758=alpha, expect_selection 203:208=alpha, textarea#0 focused, 0 matches, expect_highlights , expect_selection 820:820=, 3 matches)
ranges-go: PASS (4s)
== editor-go ==
09-23 16:58:22.461 13741 13804 I kaya    : KAYA_SELFTEST: OK (new file, , , dirty false, title "untitled", new file|, root fills, textarea#0 fills, 3 menus, menu "Edit>Undo" disabled, textarea#0 focused, alpha 1 beta 22, dirty true, menu "Edit>Undo" enabled, save dialog "kaya-editor-13741" "untitled", save dialog "kaya-editor-13741" "draft", saved, 15 bytes, dirty false, title "draft", file dialog "kaya-editor-13741" [decoy, draft, notes], opened, 131 bytes, dirty false, title "notes", textarea#0 focused, dirty true, dirty false, textarea#0 focused, dirty true, saved, 134 bytes, dirty false, title "notes", no matches, , bad pattern, expect_highlights , 1 of 4, expect_highlights 4:5=7|66:68=13|129:131=42|132:134=99, expect_selection 4:5=7, 132:134 offscreen, 4 of 4, expect_selection 132:134=99, 132:134 visible, 1 of 4, 4 of 4, bold 132:134, runs "132:134 bold", heading1 125:134, runs "125:134 block=heading1|132:134 bold", block off 125:134, runs "132:134 bold", dirty false, scratch, runs "", no matches, expect_highlights , dirty true, , textarea#0 focused, , no matches, , block off 125:134|, inset row#0 8, alert "unsaved changes", scratch, dirty true, alerts 0, alert "unsaved changes", , new file, dirty false, title "untitled", alerts 0, textarea#0 focused, dirty true)
editor-go: PASS (8s)
== dnd-go ==
dnd-go: draganddrop #1 try 1 96 64 104 104 1502ms (asked 1500ms, one-minute load 8.01) -> started after 426ms, 8 of 8 moves 187ms apart in 2368ms
dnd-go: draganddrop #2 try 1 295 120 86 104 1697ms (asked 1500ms, one-minute load 9.05) -> started after 557ms, 8 of 8 moves 212ms apart in 2698ms
dnd-go: draganddrop #3 try 1 96 64 273 64 1697ms (asked 1500ms, one-minute load 9.05) -> started after 406ms, 8 of 8 moves 212ms apart in 2605ms
dnd-go: draganddrop #4 try 1 267 120 75 104 1666ms (asked 1500ms, one-minute load 8.89) -> started after 595ms, 8 of 8 moves 208ms apart in 2887ms
dnd-go: draganddrop #5 try 1 96 64 105 152 1608ms (asked 1500ms, one-minute load 8.57) -> started after 424ms, 8 of 8 moves 201ms apart in 2637ms
dnd-go: draganddrop #6 try 1 96 64 106 128 1608ms (asked 1500ms, one-minute load 8.57) -> started after 401ms, 8 of 8 moves 201ms apart in 2607ms
dnd-go: draganddrop #7 try 1 40 176 40 52 1509ms (asked 1500ms, one-minute load 8.05) -> started after 426ms, 8 of 8 moves 188ms apart in 2481ms
dnd-go: draganddrop #8 try 1 40 120 40 188 1500ms (asked 1500ms, one-minute load 7.40) -> started after 433ms, 8 of 8 moves 187ms apart in 2480ms
09-23 16:58:51.895 31517 31546 I kaya    : KAYA_SELFTEST: OK (no drop yet, no drag yet, text target got text hello (copy), drag ended copy, hello, x|y, text target got text y (copy), item y drag ended copy, y, item x got text hello (copy), drag ended copy, yy, text target got text yy (copy), yy, drag ended none, note target got dev.kaya/note 5 bytes (move), drag ended move, moved out, a|b|c, c|a|b, row c drag ended move, c|b|a, row a drag ended move)
dnd-go: PASS (26s)
== pickers-go ==
09-23 16:58:55.393  1483  1531 I kaya    : KAYA_SELFTEST: OK (2026-09-04, 14:30, date: none, time: none, date: 2026-09-05, 2026-09-05, 2026-12-31, date: 2026-12-31, 2026-01-01, date: 2026-01-01, date: 2026-09-05, 10:00, time: 10:00, 2026-03-01, 09:00, date: 2026-09-05, time: 10:00, 2026-11-20, row b: 2026-10-10, 2026-10-10, 2026-10-01, ax "datetime/Due", ax "datetime/At")
pickers-go: PASS (2s)
== sliders-go ==
09-23 16:58:54.744 13987 14015 I kaya    : KAYA_SELFTEST: OK (50, 0.5, value: 50, commits: 0, volume: 0.5, 35, value: 35, commits: 1, 0.37, volume: 0.37, 100, value: 100, commits: 2, 25, value: 100, commits: 2, 20, row b: 40, 40, 70, ax "slider/Level")
sliders-go: PASS (2s)
== tooltips-go ==
09-23 16:58:53.967  1723  1766 I kaya    : KAYA_SELFTEST: OK (help "Saves the draft to disk", help "Your full name as it appears on the card", help "How loud the preview plays", ax hint "discard every change", help "Your name, as saved", help "The first account, opened in March", help "The second account, opened in May")
tooltips-go: PASS (2s)
== sheet-go ==
09-23 16:58:56.760 32140 32166 I kaya    : KAYA_SELFTEST: OK (sheets 0, closed, sheets 1, sheet "new task", what needs doing?, draft: milk, sheets 0, dismissed, sheets 1, sheet "new task", dismiss requested, sheets 1, sheets 2, sheet "details", more about it, sheets 1, details dismissed, sheet "new task", sheets 0, done, sheets 1, sheet detent medium, sheets 0)
sheet-go: PASS (4s)
== format-go ==
09-23 16:59:20.703  1819  1858 I kaya    : KAYA_SELFTEST: OK (9/7/26, Sep 7, 2026, September 7, 2026, 8:30 AM, Sep 7, 2026, 8:30:00 AM, 1,234,567.891, 26%, $1,234,567.89, one item, 3 items, Hello, Ada, direction ltr, root fills)
format-go: PASS (3s)
== formatde-go ==

formatde-go: kept a device screenshot (275325 bytes; app already gone at the shot)
leg device: emulator-5554
09-23 16:59:19.601 14057 14057 E AndroidRuntime: FATAL EXCEPTION: main
--------- beginning of crash
09-23 16:59:19.601 14057 14057 E AndroidRuntime: FATAL EXCEPTION: main
09-23 16:59:19.601 14057 14057 E AndroidRuntime: Process: dev.kaya.gohost, PID: 14057
09-23 16:59:19.601 14057 14057 E AndroidRuntime: java.lang.RuntimeException: Unable to start activity ComponentInfo{dev.kaya.gohost/dev.kaya.gohost.MainActivity}: java.lang.IllegalStateException: kaya: KAYA_LOCALE=de-DE but the platform reads en-US: the core did not install the knob before this process's locale was read
09-23 16:59:19.601 14057 14057 E AndroidRuntime: 	at android.app.ActivityThread.performLaunchActivity(ActivityThread.java:4048)
09-23 16:59:19.601 14057 14057 E AndroidRuntime: 	at android.app.ActivityThread.handleLaunchActivity(ActivityThread.java:4235)
09-23 16:59:19.601 14057 14057 E AndroidRuntime: 	at android.app.servertransaction.LaunchActivityItem.execute(LaunchActivityItem.java:112)
09-23 16:59:19.601 14057 14057 E AndroidRuntime: 	at android.app.servertransaction.TransactionExecutor.executeNonLifecycleItem(TransactionExecutor.java:174)
09-23 16:59:19.601 14057 14057 E AndroidRuntime: 	at android.app.servertransaction.TransactionExecutor.executeTransactionItems(TransactionExecutor.java:109)
09-23 16:59:19.601 14057 14057 E AndroidRuntime: 	at android.app.servertransaction.TransactionExecutor.execute(TransactionExecutor.java:81)
09-23 16:59:19.601 14057 14057 E AndroidRuntime: 	at android.app.ActivityThread$H.handleMessage(ActivityThread.java:2636)
09-23 16:59:19.601 14057 14057 E AndroidRuntime: 	at android.os.Handler.dispatchMessage(Handler.java:107)
09-23 16:59:19.601 14057 14057 E AndroidRuntime: 	at android.os.Looper.loopOnce(Looper.java:232)
09-23 16:59:19.601 14057 14057 E AndroidRuntime: 	at android.os.Looper.loop(Looper.java:317)
09-23 16:59:19.601 14057 14057 E AndroidRuntime: 	at android.app.ActivityThread.main(ActivityThread.java:8705)
09-23 16:59:19.601 14057 14057 E AndroidRuntime: 	at java.lang.reflect.Method.invoke(Native Method)
09-23 16:59:19.601 14057 14057 E AndroidRuntime: 	at com.android.internal.os.RuntimeInit$MethodAndArgsCaller.run(RuntimeInit.java:580)
09-23 16:59:19.601 14057 14057 E AndroidRuntime: 	at com.android.internal.os.ZygoteInit.main(ZygoteInit.java:886)
09-23 16:59:19.601 14057 14057 E AndroidRuntime: Caused by: java.lang.IllegalStateException: kaya: KAYA_LOCALE=de-DE but the platform reads en-US: the core did not install the knob before this process's locale was read
09-23 16:59:19.601 14057 14057 E AndroidRuntime: 	at dev.kaya.KayaCompose.readComplianceKnobs(KayaCompose.kt:2108)
09-23 16:59:19.601 14057 14057 E AndroidRuntime: 	at dev.kaya.KayaCompose.mount(KayaCompose.kt:2180)
09-23 16:59:19.601 14057 14057 E AndroidRuntime: 	at dev.kaya.gohost.MainActivity.onCreate(MainActivity.kt:41)
09-23 16:59:19.601 14057 14057 E AndroidRuntime: 	at android.app.Activity.performCreate(Activity.java:9002)
09-23 16:59:19.601 14057 14057 E AndroidRuntime: 	at android.app.Activity.performCreate(Activity.java:8980)
09-23 16:59:19.601 14057 14057 E AndroidRuntime: 	at android.app.Instrumentation.callActivityOnCreate(Instrumentation.java:1526)
09-23 16:59:19.601 14057 14057 E AndroidRuntime: 	at android.app.ActivityThread.performLaunchActivity(ActivityThread.java:4030)
09-23 16:59:19.601 14057 14057 E AndroidRuntime: 	... 13 more

09-23 16:58:18.156 13827 13827 I wm_on_resume_called: [264988553,com.android.documentsui.picker.PickActivity,RESUME_ACTIVITY,0]
09-23 16:58:18.170 13827 13827 I wm_on_top_resumed_gained_called: [264988553,com.android.documentsui.picker.PickActivity,topStateChangedWhenResumed]
09-23 16:58:18.188   575   625 I input_focus: [Focus request 276ed05 com.google.android.documentsui/com.android.documentsui.picker.PickActivity,reason=UpdateInputWindows]
09-23 16:58:18.231   575   621 I sysui_multi_action: [319,66,321,32,322,188,325,164006,757,761,758,7,759,2,806,com.google.android.documentsui,871,com.android.documentsui.picker.PickActivity,904,dev.kaya.gohost,905,0,945,34,1320,4,1321,23]
09-23 16:58:18.231   575   621 I wm_activity_launch_time: [0,264988553,com.google.android.documentsui/com.android.documentsui.picker.PickActivity,188]
09-23 16:58:18.253   575   708 I input_focus: [Focus entering 276ed05 com.google.android.documentsui/com.android.documentsui.picker.PickActivity (server),reason=Window became focusable. Previous reason: NOT_VISIBLE]
09-23 16:58:18.504   830   914 I viewroot_draw_event: [VRI[documentsui],Not drawing due to not visible. Reason=View.GONE]
09-23 16:58:18.597   575   968 I wm_set_resumed_activity: [0,com.google.android.documentsui/com.android.documentsui.picker.PickActivity,setFocusedTask-alreadyTop]
09-23 16:58:18.602   575   614 I sysui_multi_action: [757,906,758,4,806,com.google.android.documentsui,871,,908,com.google.android.gms,1452,0,1456,601959099]
09-23 16:58:18.613   575   575 I sysui_multi_action: [757,907,758,10,806,com.google.android.documentsui,871,,908,com.google.android.gms,909,-1,1454,1,1456,601959099]
09-23 16:58:18.614   575   575 I sysui_multi_action: [757,919,758,4,806,com.google.android.documentsui,871,,908,com.google.android.gms,1455,1,1456,601959099]
09-23 16:58:18.641   575   968 I wm_set_resumed_activity: [0,com.google.android.documentsui/com.android.documentsui.picker.PickActivity,setFocusedTask-alreadyTop]
09-23 16:58:18.668   575   968 I wm_finish_activity: [0,264988553,756,com.google.android.documentsui/com.android.documentsui.picker.PickActivity,app-request]
09-23 16:58:18.668   575   968 I wm_pause_activity: [0,264988553,com.google.android.documentsui/com.android.documentsui.picker.PickActivity,userLeaving=false,finish]
09-23 16:58:18.669 13827 13827 I wm_on_top_resumed_lost_called: [264988553,com.android.documentsui.picker.PickActivity,topStateChangedWhenResumed]
09-23 16:58:18.670 13827 13827 I wm_on_paused_called: [264988553,com.android.documentsui.picker.PickActivity,performPause,0]
09-23 16:58:18.670   575   614 I wm_add_to_stopping: [0,264988553,com.google.android.documentsui/com.android.documentsui.picker.PickActivity,completeFinishing]
09-23 16:58:18.700   575   708 I input_focus: [Focus leaving 276ed05 com.google.android.documentsui/com.android.documentsui.picker.PickActivity (server),reason=NO_WINDOW]
09-23 16:58:19.186   575   624 I wm_destroy_activity: [0,264988553,756,com.google.android.documentsui/com.android.documentsui.picker.PickActivity,finish-imm:idle]
09-23 16:58:19.204 13827 13827 I wm_on_stop_called: [264988553,com.android.documentsui.picker.PickActivity,LIFECYCLER_STOP_ACTIVITY,0]
09-23 16:58:19.206 13827 13827 I wm_on_destroy_called: [264988553,com.android.documentsui.picker.PickActivity,performDestroy,1]
09-23 16:58:19.504   575  1719 I wm_create_activity: [0,248446763,756,com.google.android.documentsui/com.android.documentsui.picker.PickActivity,android.intent.action.OPEN_DOCUMENT,*/*,NULL,3]
09-23 16:58:19.507   575  2134 I wm_restart_activity: [0,248446763,756,com.google.android.documentsui/com.android.documentsui.picker.PickActivity]
09-23 16:58:19.507   575  2134 I wm_set_resumed_activity: [0,com.google.android.documentsui/com.android.documentsui.picker.PickActivity,realStartActivityLocked - onActivityStateChanged]
09-23 16:58:19.522 13827 13827 I wm_on_create_called: [248446763,com.android.documentsui.picker.PickActivity,performCreate,13]
09-23 16:58:19.523 13827 13827 I wm_on_start_called: [248446763,com.android.documentsui.picker.PickActivity,handleStartActivity,1]
09-23 16:58:19.524 13827 13827 I wm_on_resume_called: [248446763,com.android.documentsui.picker.PickActivity,RESUME_ACTIVITY,0]
09-23 16:58:19.526 13827 13827 I wm_on_top_resumed_gained_called: [248446763,com.android.documentsui.picker.PickActivity,topStateChangedWhenResumed]
09-23 16:58:19.540   575   625 I input_focus: [Focus request 5cf27a0 com.google.android.documentsui/com.android.documentsui.picker.PickActivity,reason=UpdateInputWindows]
09-23 16:58:19.575   575   621 I sysui_multi_action: [319,70,322,69,325,164007,757,761,758,8,759,2,806,com.google.android.documentsui,871,com.android.documentsui.picker.PickActivity,904,dev.kaya.gohost,905,0,1320,4,1321,23]
09-23 16:58:19.576   575   621 I wm_activity_launch_time: [0,248446763,com.google.android.documentsui/com.android.documentsui.picker.PickActivity,69]
09-23 16:58:19.703   575   708 I input_focus: [Focus entering 5cf27a0 com.google.android.documentsui/com.android.documentsui.picker.PickActivity (server),reason=Window became focusable. Previous reason: NOT_VISIBLE]
09-23 16:58:19.774   575   614 I wm_set_resumed_activity: [0,com.google.android.documentsui/com.android.documentsui.picker.PickActivity,setFocusedTask-alreadyTop]
09-23 16:58:19.777   575   614 I wm_finish_activity: [0,248446763,756,com.google.android.documentsui/com.android.documentsui.picker.PickActivity,app-request]
09-23 16:58:19.777   575   614 I wm_pause_activity: [0,248446763,com.google.android.documentsui/com.android.documentsui.picker.PickActivity,userLeaving=false,finish]
09-23 16:58:19.778 13827 13827 I wm_on_top_resumed_lost_called: [248446763,com.android.documentsui.picker.PickActivity,topStateChangedWhenResumed]
09-23 16:58:19.778 13827 13827 I wm_on_paused_called: [248446763,com.android.documentsui.picker.PickActivity,performPause,0]
09-23 16:58:19.779   575  1590 I wm_add_to_stopping: [0,248446763,com.google.android.documentsui/com.android.documentsui.picker.PickActivity,completeFinishing]
09-23 16:58:19.799   575   708 I input_focus: [Focus leaving 5cf27a0 com.google.android.documentsui/com.android.documentsui.picker.PickActivity (server),reason=NO_WINDOW]
09-23 16:58:20.271   575   624 I wm_destroy_activity: [0,248446763,756,com.google.android.documentsui/com.android.documentsui.picker.PickActivity,finish-imm:idle]
09-23 16:58:20.288 13827 13827 I wm_on_stop_called: [248446763,com.android.documentsui.picker.PickActivity,LIFECYCLER_STOP_ACTIVITY,0]
09-23 16:58:20.289 13827 13827 I wm_on_destroy_called: [248446763,com.android.documentsui.picker.PickActivity,performDestroy,1]
09-23 16:58:22.473   575  1880 I am_proc_died: [0,13741,dev.kaya.gohost,0,2]
09-23 16:58:29.222   575   694 I am_freeze: [23852,com.google.android.inputmethod.latin]
09-23 16:58:30.272   575   694 I am_freeze: [13827,com.google.android.documentsui]
09-23 16:58:30.272   575   694 I am_freeze: [32317,com.google.android.apps.docs]
09-23 16:58:30.308   575   694 I am_compact: [13827,com.google.android.documentsui,ANON,152328,103040,48520,23492,-25216,0,-25216,25216,35,SOME,0,905,19,142932,-7940]
09-23 16:58:32.481   575   694 I am_freeze: [32339,com.android.externalstorage]
09-23 16:58:43.674   575   694 I am_freeze: [1513,com.google.android.gms]
09-23 16:58:52.449   575   630 I am_pss  : [13827,10108,com.google.android.documentsui,0,0,0,130162688,0,19,0]
09-23 16:58:52.480   575  1504 I am_kill : [0,13827,com.google.android.documentsui,905,stop com.google.android.documentsui due to from pid 13971,127112]
09-23 16:58:52.486   575   575 I notification_cancel_all: [1000,575,com.google.android.documentsui,0,0,0,5,NULL]
09-23 16:58:54.760   575  1719 I am_proc_died: [0,13987,dev.kaya.gohost,0,2]
09-23 16:59:18.503   575   575 I notification_cancel_all: [1000,575,com.google.android.documentsui,0,0,0,5,NULL]
09-23 16:59:19.677   575  1719 I am_proc_died: [0,14057,dev.kaya.gohost,0,2]
09-23 17:00:11.420   575   694 I am_freeze: [1513,com.google.android.gms]
09-23 17:00:11.422   575   694 I am_freeze: [18313,com.google.android.gms.unstable]
09-23 17:00:20.050   575   694 I am_freeze: [22302,com.android.settings]
09-23 17:00:20.051   575   694 I am_freeze: [29933,com.android.keychain]
09-23 17:00:34.973   575   694 I am_freeze: [1531,com.google.android.googlequicksearchbox:search]
full buffers kept at target/validate-failures/android-formatde-go-buffers.log
verb trace kept beside the log (65 bytes)
flightrec: bundle /Users/akhilindurti/.local/state/kaya/flightrec/runs/20260923T234420Z-046300/bundles/android-formatde-go — 7 sections (7 ok, 0 skipped, 0 empty, 0 error), 2022862 bytes (cap 33554432)
flightrec:   leg-log ok 11989
flightrec:   verb-trace ok 65
flightrec:   logcat ok 52742
flightrec:   system-events ok 1681634
flightrec:   anr-history ok 196
flightrec:   shot ok 275325
flightrec:   devices ok 581
formatde-go: FAIL (133s)
== formatar-go ==

formatar-go: kept a device screenshot (275325 bytes; app already gone at the shot)
leg device: emulator-5560
09-23 16:59:19.847  1606  1606 E AndroidRuntime: FATAL EXCEPTION: main
--------- beginning of crash
09-23 16:59:19.847  1606  1606 E AndroidRuntime: FATAL EXCEPTION: main
09-23 16:59:19.847  1606  1606 E AndroidRuntime: Process: dev.kaya.gohost, PID: 1606
09-23 16:59:19.847  1606  1606 E AndroidRuntime: java.lang.RuntimeException: Unable to start activity ComponentInfo{dev.kaya.gohost/dev.kaya.gohost.MainActivity}: java.lang.IllegalStateException: kaya: KAYA_LOCALE=ar-EG but the platform reads en-US: the core did not install the knob before this process's locale was read
09-23 16:59:19.847  1606  1606 E AndroidRuntime: 	at android.app.ActivityThread.performLaunchActivity(ActivityThread.java:4048)
09-23 16:59:19.847  1606  1606 E AndroidRuntime: 	at android.app.ActivityThread.handleLaunchActivity(ActivityThread.java:4235)
09-23 16:59:19.847  1606  1606 E AndroidRuntime: 	at android.app.servertransaction.LaunchActivityItem.execute(LaunchActivityItem.java:112)
09-23 16:59:19.847  1606  1606 E AndroidRuntime: 	at android.app.servertransaction.TransactionExecutor.executeNonLifecycleItem(TransactionExecutor.java:174)
09-23 16:59:19.847  1606  1606 E AndroidRuntime: 	at android.app.servertransaction.TransactionExecutor.executeTransactionItems(TransactionExecutor.java:109)
09-23 16:59:19.847  1606  1606 E AndroidRuntime: 	at android.app.servertransaction.TransactionExecutor.execute(TransactionExecutor.java:81)
09-23 16:59:19.847  1606  1606 E AndroidRuntime: 	at android.app.ActivityThread$H.handleMessage(ActivityThread.java:2636)
09-23 16:59:19.847  1606  1606 E AndroidRuntime: 	at android.os.Handler.dispatchMessage(Handler.java:107)
09-23 16:59:19.847  1606  1606 E AndroidRuntime: 	at android.os.Looper.loopOnce(Looper.java:232)
09-23 16:59:19.847  1606  1606 E AndroidRuntime: 	at android.os.Looper.loop(Looper.java:317)
09-23 16:59:19.847  1606  1606 E AndroidRuntime: 	at android.app.ActivityThread.main(ActivityThread.java:8705)
09-23 16:59:19.847  1606  1606 E AndroidRuntime: 	at java.lang.reflect.Method.invoke(Native Method)
09-23 16:59:19.847  1606  1606 E AndroidRuntime: 	at com.android.internal.os.RuntimeInit$MethodAndArgsCaller.run(RuntimeInit.java:580)
09-23 16:59:19.847  1606  1606 E AndroidRuntime: 	at com.android.internal.os.ZygoteInit.main(ZygoteInit.java:886)
09-23 16:59:19.847  1606  1606 E AndroidRuntime: Caused by: java.lang.IllegalStateException: kaya: KAYA_LOCALE=ar-EG but the platform reads en-US: the core did not install the knob before this process's locale was read
09-23 16:59:19.847  1606  1606 E AndroidRuntime: 	at dev.kaya.KayaCompose.readComplianceKnobs(KayaCompose.kt:2108)
09-23 16:59:19.847  1606  1606 E AndroidRuntime: 	at dev.kaya.KayaCompose.mount(KayaCompose.kt:2180)
09-23 16:59:19.847  1606  1606 E AndroidRuntime: 	at dev.kaya.gohost.MainActivity.onCreate(MainActivity.kt:41)
09-23 16:59:19.847  1606  1606 E AndroidRuntime: 	at android.app.Activity.performCreate(Activity.java:9002)
09-23 16:59:19.847  1606  1606 E AndroidRuntime: 	at android.app.Activity.performCreate(Activity.java:8980)
09-23 16:59:19.847  1606  1606 E AndroidRuntime: 	at android.app.Instrumentation.callActivityOnCreate(Instrumentation.java:1526)
09-23 16:59:19.847  1606  1606 E AndroidRuntime: 	at android.app.ActivityThread.performLaunchActivity(ActivityThread.java:4030)
09-23 16:59:19.847  1606  1606 E AndroidRuntime: 	... 13 more

09-23 16:50:25.728   575   891 I am_proc_died: [0,31789,dev.kaya.javahost,0,2]
09-23 16:50:26.254   575   575 I notification_cancel_all: [1000,575,com.google.android.documentsui,0,0,0,5,NULL]
09-23 16:50:28.792   575  1722 I am_proc_died: [0,31850,dev.kaya.javahost,0,2]
09-23 16:50:29.489   575   575 I notification_cancel_all: [1000,575,com.google.android.documentsui,0,0,0,5,NULL]
09-23 16:50:29.772   575   694 I am_freeze: [6754,com.google.android.permissioncontroller]
09-23 16:50:33.309   575  1967 I am_proc_died: [0,31911,dev.kaya.javahost,0,2]
09-23 16:50:33.800   575   575 I notification_cancel_all: [1000,575,com.google.android.documentsui,0,0,0,5,NULL]
09-23 16:50:37.571   575  1981 I am_proc_died: [0,31981,dev.kaya.javahost,0,2]
09-23 16:50:37.990   575   575 I notification_cancel_all: [1000,575,com.google.android.documentsui,0,0,0,5,NULL]
09-23 16:50:46.681   575  1831 I am_proc_died: [0,32050,dev.kaya.javahost,0,2]
09-23 16:50:47.450   575   575 I notification_cancel_all: [1000,575,com.google.android.documentsui,0,0,0,5,NULL]
09-23 16:50:47.802   575   694 I am_freeze: [9090,com.google.android.apps.wellbeing]
09-23 16:50:49.693   575   694 I am_freeze: [19577,com.android.keychain]
09-23 16:50:49.694   575   694 I am_freeze: [14718,com.android.settings]
09-23 16:50:50.499   575  1511 I am_proc_died: [0,32146,dev.kaya.javahost,0,2]
09-23 16:50:57.169   575   575 I notification_cancel_all: [1000,575,com.google.android.documentsui,0,0,0,5,NULL]
09-23 16:51:02.798   575  1508 I am_proc_died: [0,32222,dev.kaya.javahost,0,2]
09-23 16:51:26.623   575   694 I am_freeze: [1513,com.google.android.gms]
09-23 16:51:53.752   575   575 I notification_cancel_all: [1000,575,com.google.android.documentsui,0,0,0,5,NULL]
09-23 16:51:57.216   575  1977 I am_proc_died: [0,32298,dev.kaya.javahost,0,2]
09-23 16:51:57.453   575  1296 I dvm_lock_sample: [system_server,0,binder:575_B,23,ActivityTaskManagerService.java,6664,boolean com.android.server.wm.ActivityTaskManagerService$LocalService.onForceStopPackage(java.lang.String, boolean, boolean, int),ActivityTaskSupervisor.java,2620,void com.android.server.wm.ActivityTaskSupervisor$ActivityTaskSupervisorHandler.handleMessage(android.os.Message),4]
09-23 16:51:57.524   575   575 I notification_cancel_all: [1000,575,com.google.android.documentsui,0,0,0,5,NULL]
09-23 16:51:59.730   575  1727 I am_proc_died: [0,32358,dev.kaya.javahost,0,2]
09-23 16:53:14.823   575   694 I am_freeze: [5799,com.google.android.googlequicksearchbox:search]
09-23 16:54:29.539   575   694 I am_freeze: [5799,com.google.android.googlequicksearchbox:search]
09-23 16:54:33.766   575   575 I notification_cancel_all: [1000,575,com.google.android.documentsui,0,0,0,5,NULL]
09-23 16:54:35.504   575   905 I am_proc_died: [0,32480,dev.kaya.gohost,0,2]
09-23 16:54:36.151   575   575 I notification_cancel_all: [1000,575,com.google.android.documentsui,0,0,0,5,NULL]
09-23 16:54:39.103   575   694 I am_freeze: [6754,com.google.android.permissioncontroller]
09-23 16:54:40.017   575  1725 I am_proc_died: [0,32549,dev.kaya.gohost,0,2]
09-23 16:54:40.690   575   575 I notification_cancel_all: [1000,575,com.google.android.documentsui,0,0,0,5,NULL]
09-23 16:54:44.878   575  1976 I am_proc_died: [0,32616,dev.kaya.gohost,0,2]
09-23 16:54:45.482   575   575 I notification_cancel_all: [1000,575,com.google.android.documentsui,0,0,0,5,NULL]
09-23 16:54:47.396   575   611 I am_proc_died: [0,32698,dev.kaya.gohost,0,2]
09-23 16:54:55.819   575   694 I am_freeze: [9090,com.google.android.apps.wellbeing]
09-23 16:54:58.914   575   694 I am_freeze: [19577,com.android.keychain]
09-23 16:54:58.914   575   694 I am_freeze: [14718,com.android.settings]
09-23 16:55:09.272   575   694 I am_freeze: [1513,com.google.android.gms]
09-23 16:55:19.797   575   575 I notification_cancel_all: [1000,575,com.google.android.documentsui,0,0,0,5,NULL]
09-23 16:55:22.678   575   905 I am_proc_died: [0,32759,dev.kaya.gohost,0,2]
09-23 16:55:54.169   575   575 I notification_cancel_all: [1000,575,com.google.android.documentsui,0,0,0,5,NULL]
09-23 16:55:56.245   575  1511 I am_proc_died: [0,556,dev.kaya.gohost,0,2]
09-23 16:56:05.014   575   694 I am_freeze: [18207,com.google.android.apps.messaging]
09-23 16:56:28.038   575   575 I notification_cancel_all: [1000,575,com.google.android.documentsui,0,0,0,5,NULL]
09-23 16:56:31.011   575   905 I am_proc_died: [0,726,dev.kaya.gohost,0,2]
09-23 16:57:04.963   575   575 I notification_cancel_all: [1000,575,com.google.android.documentsui,0,0,0,5,NULL]
09-23 16:57:07.734   575  1975 I am_proc_died: [0,976,dev.kaya.gohost,0,2]
09-23 16:57:39.314   575   575 I notification_cancel_all: [1000,575,com.google.android.documentsui,0,0,0,5,NULL]
09-23 16:57:45.584   575  1039 I am_proc_died: [0,1177,dev.kaya.gohost,0,2]
09-23 16:58:06.673   575   694 I am_freeze: [1513,com.google.android.gms]
09-23 16:58:14.047   575   575 I notification_cancel_all: [1000,575,com.google.android.documentsui,0,0,0,5,NULL]
09-23 16:58:18.041   575   613 I am_proc_died: [0,1340,dev.kaya.gohost,0,2]
09-23 16:58:42.441   575   694 I am_freeze: [1513,com.google.android.gms]
09-23 16:58:52.484   575   575 I notification_cancel_all: [1000,575,com.google.android.documentsui,0,0,0,5,NULL]
09-23 16:58:55.404   575  1978 I am_proc_died: [0,1483,dev.kaya.gohost,0,2]
09-23 16:59:18.514   575   575 I notification_cancel_all: [1000,575,com.google.android.documentsui,0,0,0,5,NULL]
09-23 16:59:19.909   575   613 I am_proc_died: [0,1606,dev.kaya.gohost,0,2]
09-23 17:00:20.118   575   694 I am_freeze: [14718,com.android.settings]
09-23 17:00:20.119   575   694 I am_freeze: [19577,com.android.keychain]
09-23 17:00:35.157   575   694 I am_freeze: [5799,com.google.android.googlequicksearchbox:search]
full buffers kept at target/validate-failures/android-formatar-go-buffers.log
verb trace kept beside the log (65 bytes)
flightrec: bundle /Users/akhilindurti/.local/state/kaya/flightrec/runs/20260923T234420Z-046300/bundles/android-formatar-go — 7 sections (7 ok, 0 skipped, 0 empty, 0 error), 1922048 bytes (cap 33554432)
flightrec:   leg-log ok 9367
flightrec:   verb-trace ok 65
flightrec:   logcat ok 52122
flightrec:   system-events ok 1584063
flightrec:   anr-history ok 196
flightrec:   shot ok 275325
flightrec:   devices ok 581
formatar-go: FAIL (133s)
prefs-go: OK (the real domain dev.kaya.aurora.notes.xml is on none of 4 device(s))
TIMING legs-go 433s
    Building arm64-v8a (aarch64-linux-android)
warning: variable does not need to be mutable
    --> crates/kaya/src/android.rs:1848:5
     |
1848 |     mut env: JNIEnv<'local>,
     |     ----^^^
     |     |
     |     help: remove this `mut`
     |
     = note: `#[warn(unused_mut)]` (part of `#[warn(unused)]`) on by default

warning: function `exit_hard` is never used
   --> crates/kaya/src/lib.rs:258:15
    |
258 | pub(crate) fn exit_hard(code: i32) -> ! {
    |               ^^^^^^^^^
    |
    = note: `#[warn(dead_code)]` (part of `#[warn(unused)]`) on by default

warning: function `text_scale_override` is never used
   --> crates/kaya/src/fmt.rs:215:15
    |
215 | pub(crate) fn text_scale_override() -> Option<f64> {
    |               ^^^^^^^^^^^^^^^^^^^

warning: function `window_frame_key` is never used
   --> crates/kaya/src/prefs.rs:230:15
    |
230 | pub(crate) fn window_frame_key(window: u64) -> String {
    |               ^^^^^^^^^^^^^^^^

warning: function `window_frame` is never used
   --> crates/kaya/src/prefs.rs:237:15
    |
237 | pub(crate) fn window_frame(window: u64) -> Option<String> {
    |               ^^^^^^^^^^^^

warning: function `set_window_frame` is never used
   --> crates/kaya/src/prefs.rs:244:15
    |
244 | pub(crate) fn set_window_frame(window: u64, frame: &str) {
    |               ^^^^^^^^^^^^^^^^

warning: struct `PathSource` is never constructed
   --> crates/kaya/src/protocol.rs:204:12
    |
204 | pub struct PathSource {
    |            ^^^^^^^^^^

warning: struct `SaveDestination` is never constructed
   --> crates/kaya/src/protocol.rs:245:12
    |
245 | pub struct SaveDestination {
    |            ^^^^^^^^^^^^^^^

warning: `kaya` (lib) generated 8 warnings (run `cargo fix --lib -p kaya` to apply 1 suggestion)
    Finished `dev` profile [unoptimized + debuginfo] target(s) in 0.17s
python staging: 717 files, 0 gz renamed, stamp cd6adb23a0ec
identity: 5 launcher mipmaps inside pyhost-debug.apk, every one the arm's own bytes
links: dev.kaya.pyhost claims dev.kaya.aurora.notes:// with launchMode=singleTask
assets: 19 files inside pyhost-debug.apk under assets/kaya/, every one byte-equal to the tree
TIMING build-python 4s
== stage-python-emulator-5554 ==
stage-python-emulator-5554: OK
== stage-python-emulator-5556 ==
stage-python-emulator-5556: OK
== stage-python-emulator-5558 ==
stage-python-emulator-5558: OK
== stage-python-emulator-5560 ==
stage-python-emulator-5560: OK
stage-python: OK (4/4 targets)
== varied-python ==
09-23 17:01:41.616 32267 32323 I kaya    : KAYA_SELFTEST: OK (300 rows, 845 lines, column@varied window 0 300, r000 line 1, column@varied window 200 300, r200 line 1|r200 line 2|r200 line 3|r200 line 4, column@varied window 0 300, r000 line 1, column@varied window 150 300, column@varied window 100 300, column@varied window 150 300)
varied-python: PASS (4s)
== portfolio-python ==
09-23 17:01:48.555  1958  2035 I kaya    : KAYA_SELFTEST: OK (Portfolio: $10026.50, Transactions: 15000, Brokerage, Account total: $7163.50, Retirement, Account total: $2363.00, Savings, Account total: $500.00, drawing 220/1,4,98,91, drawing hash 6b2cf4b8a3f05415, ink light FFFFFF/D2E3F7 dark 16181C/212A35, ax "image/Portfolio value, 90 days to 2026-08-24, $9730.10 to $10357.99, now $10026.50", drawing 21/4,7,96,93, drawing hash 3864e7eaa9a194b7, ink light D2E3F7 dark 212A35, inset 16, column@positions[brokerage] column edges 4, Ticker|Qty|Price|Value, AAPL,10,$180.00,$1800.00|NVDA,4,$950.50,$3802.00|VTI,6,$260.25,$1561.50, column@positions[retirement] column edges 4, Ticker|Qty|Price|Value, BND,20,$72.10,$1442.00|VXUS,15,$61.40,$921.00, column@positions[savings] column edges 4, Ticker|Qty|Price|Value, CASH,1,$500.00,$500.00, Ticker|Qty|Price|Value ^3, column@positions[retirement] column edges 4, Ticker|Qty|Price|Value, Ticker|Qty|Price|Value, VXUS,15,$61.40,$921.00|BND,20,$72.10,$1442.00, AAPL,10,$180.00,$1800.00|NVDA,4,$950.50,$3802.00|VTI,6,$260.25,$1561.50, Ticker|Qty|Price|Value v3, column@positions[retirement] column edges 4, BND,20,$72.10,$1442.00|VXUS,15,$61.40,$921.00, Ticker|Qty|Price|Value ^1, column@positions[brokerage] column edges 4, Ticker|Qty|Price|Value v3, NVDA,4,$950.50,$3802.00|VTI,6,$260.25,$1561.50|AAPL,10,$180.00,$1800.00, Portfolio: $10023.00, Transactions: 15003, Account total: $7153.00, Account total: $2370.00, NVDA,4,$940.50,$3762.00|VTI,6,$261.00,$1566.00|AAPL,10,$182.50,$1825.00, column@positions[brokerage] column edges 4, BND,20,$72.00,$1440.00|VXUS,15,$62.00,$930.00, column@positions[retirement] column edges 4, Ticker|Qty|Price|Value, column@positions[savings] column edges 4, CASH,1,$500.00,$500.00, drawing 220/1,4,98,91, drawing hash 2a0b4ef7e4c99502, ax "image/Portfolio value, 90 days to 2026-08-24, $9730.10 to $10357.99, now $10023.00", title "portfolio", entries 0, entries 1, title "Transactions", 15003 of 15003 transactions, first 2023-10-21 BND buy $841.44, last 2026-08-25 CASH div $2.05, net AAPL 10, BND 20, CASH 1, NVDA 4, VTI 6, VXUS 15 = $10023.00, Date|Ticker|Side|Total, column@ledger column edges 4, column@recent window 0 8, 2026-08-24,VTI,sell,$7547.25|2026-08-24,AAPL,sell,$7200.00|2026-08-24,VTI,buy,$7547.25|2026-08-24,VTI,div,$0.50|2026-08-24,VTI,sell,$10410.00|2026-08-25,AAPL,div,$2.40|2026-08-25,BND,div,$6.20|2026-08-25,CASH,div,$2.05, column@ledger window 0 15003, column@ledger window 7500 15003, 4698 of 15003 transactions, first 2023-10-21 BND buy $841.44, last 2026-08-25 BND div $6.20, net BND 20, VXUS 15 = $2370.00, column@ledger window 0 4698, Date|Ticker|Side|Total ^3, first 2023-11-20 NVDA div $0.25, last 2026-01-01 NVDA sell $44136.00, column@ledger window 2000 4698, Date|Ticker|Side|Total v3, first 2026-01-01 NVDA sell $44136.00, last 2023-11-20 NVDA div $0.25, net BND 20, VXUS 15 = $2370.00, column@ledger window 0 4698, entries 0, title "portfolio", Portfolio: $10023.00, Transactions: 15003, Ticker|Qty|Price|Value ^1, NVDA,4,$940.50,$3762.00|VTI,6,$261.00,$1566.00|AAPL,10,$182.50,$1825.00, Ticker|Qty|Price|Value v3, entries 1, title "Transactions", 4698 of 15003 transactions, net BND 20, VXUS 15 = $2370.00, Retirement, entries 0, title "portfolio", title "Transactions", column@summary folded into column@ledger)
portfolio-python: PASS (10s)
prefs-python: OK (the real domain dev.kaya.aurora.notes.xml is on none of 4 device(s))
TIMING legs-python 12s
exclusive: android held 5 legs for 160s; waited 17 times for 375s
run-emulator: the core's own diagnostics reached logcat on 157 of 157 answered leg(s)
run-emulator: FAILURES ABOVE
flightrec: 161 leg record(s) written to /Users/akhilindurti/.local/state/kaya/flightrec/runs/20260923T234420Z-046300/journal.jsonl
== android log kept at /Users/akhilindurti/Projects/kaya/target/validate-failures/android.log ==
android: FAIL (1106s, 157 legs)
android: phases preflight 32, boot 3, cliphelper 4, legs-compose 346, build-jvm 17, legs-jvm 245, build-go 5, legs-go 433, build-python 4, legs-python 12
== android log kept at /Users/akhilindurti/Projects/kaya/target/validate-lanes/android.log ==
android: 375s of that waiting for the exclusive token; 731s net against the 870s ceiling
gates: PASS (177s, 0 legs)
== gates log kept at /Users/akhilindurti/Projects/kaya/target/validate-lanes/gates.log ==
TIMING matrix 1289s (parallel)
validate-all: FAILURES ABOVE
